n_filters,port,train_fitted,train_real,train_MAPE,train_RMSE,test_results,test_real,test_MAPE,test_RMSE
8,Ningbo(10kTEU),"[[ 453.98443604]
 [ 584.77423096]
 [ 786.99285889]
 [1035.09106445]
 [1197.73571777]
 [1151.42126465]
 [1432.35290527]
 [1596.30200195]
 [1722.30822754]
 [1842.22607422]
 [2051.61987305]
 [2261.44946289]]","[[ 520.8]
 [ 706.8]
 [ 935. ]
 [1084.6]
 [1042. ]
 [1300.4]
 [1451.2]
 [1567.1]
 [1677.4]
 [1870. ]
 [2063. ]
 [2160. ]]",7.455296055252382,93.35315757796153,"[[2366.90722656]
 [2694.15332031]
 [2883.32568359]
 [3007.26611328]]","[[2461.]
 [2635.]
 [2749.]
 [2872.]]",3.916108280865987,110.3323116683165
8,Shanghai(10kTEU),"[[1542.65136719]
 [1913.69897461]
 [2294.83789062]
 [2761.53857422]
 [2953.89453125]
 [2640.86914062]
 [3068.36254883]
 [3349.01367188]
 [3432.05249023]
 [3546.4152832 ]
 [3721.74316406]
 [3853.65966797]]","[[1808.4]
 [2171. ]
 [2615. ]
 [2798. ]
 [2500.2]
 [2906.9]
 [3173.9]
 [3252.9]
 [3361.7]
 [3528.5]
 [3654. ]
 [3713. ]]",6.826169268997158,217.42646485460403,"[[3915.67675781]
 [4241.52636719]
 [4428.62646484]
 [4564.22167969]]","[[4023.]
 [4201.]
 [4330.]
 [4350.]]",2.708702282324914,131.1285365269152
8,Singapore(10kTEU),"[[2185.46875   ]
 [2374.78100586]
 [2537.36791992]
 [2856.85107422]
 [3058.25610352]
 [2646.60620117]
 [2907.15161133]
 [3060.28808594]
 [3234.15478516]
 [3328.65869141]
 [3459.74389648]
 [3160.07568359]]","[[2319.2]
 [2479.2]
 [2793.6]
 [2991.8]
 [2586.7]
 [2843.1]
 [2993.8]
 [3164.9]
 [3257.9]
 [3386.9]
 [3092. ]
 [3090. ]]",5.967616607640818,211.38079632224313,"[[3158.04345703]
 [3439.52270508]
 [3737.25952148]
 [3798.22973633]]","[[3367.]
 [3660.]
 [3720.]
 [3660.]]",4.117679930557745,167.09161073549674
8,Shenzhen(10kTEU),"[[1412.86975098]
 [1674.17651367]
 [1907.72900391]
 [2178.08154297]
 [2210.46240234]
 [1885.2166748 ]
 [2323.02368164]
 [2329.29467773]
 [2367.32910156]
 [2402.07373047]
 [2480.09619141]
 [2496.85205078]]","[[1619.7]
 [1846.9]
 [2109.9]
 [2141.4]
 [1825. ]
 [2250.9]
 [2257. ]
 [2294. ]
 [2327.8]
 [2403.7]
 [2420. ]
 [2397. ]]",6.971892518732334,186.6119814719174,"[[2473.20898438]
 [2600.67553711]
 [2860.74902344]
 [2658.24121094]]","[[2521.]
 [2774.]
 [2577.]
 [2655.]]",4.819200437973124,167.96529727957866
8,Hong Kong(10kTEU),"[[2177.57446289]
 [2221.3840332 ]
 [2331.35400391]
 [2376.74609375]
 [2425.79760742]
 [2084.21850586]
 [2347.17724609]
 [2414.91943359]
 [2289.62109375]
 [2215.45068359]
 [2201.5065918 ]
 [1988.29150391]]","[[2242.7]
 [2353.9]
 [2399.8]
 [2449.4]
 [2104. ]
 [2369.9]
 [2438.4]
 [2311.7]
 [2236.7]
 [2222.6]
 [2007. ]
 [1981. ]]",5.221197723195022,151.83501331584847,"[[1962.57922363]
 [2056.52807617]
 [1941.81140137]
 [1813.24926758]]","[[2076.]
 [1960.]
 [1830.]
 [2007.]]",6.5379978809808765,134.37175837102654
8,Busan(10kTEU),"[[1202.14587402]
 [1238.77111816]
 [1258.28356934]
 [1387.67138672]
 [1406.66186523]
 [1253.06628418]
 [1484.0859375 ]
 [1691.73242188]
 [1781.6776123 ]
 [1848.45849609]
 [1951.96862793]
 [2032.52294922]]","[[1184.3]
 [1203. ]
 [1327. ]
 [1345.2]
 [1198. ]
 [1419.4]
 [1618.4]
 [1704.6]
 [1768.6]
 [1867.8]
 [1945. ]
 [1985. ]]",4.627788736944755,91.46422151846483,"[[2074.26049805]
 [2141.04174805]
 [2263.12524414]
 [2297.55932617]]","[[2049.]
 [2166.]
 [2199.]
 [2159.]]",2.929739697574259,78.37687941515445
8,Guangzhou(10kTEU),"[[ 371.8034668 ]
 [ 520.51220703]
 [ 726.12762451]
 [1118.78308105]
 [1198.66711426]
 [1218.96020508]
 [1364.98461914]
 [1548.58898926]
 [1600.44934082]
 [1661.22119141]
 [1799.83691406]
 [1866.40686035]]","[[ 468.5]
 [ 660. ]
 [1025.7]
 [1100.1]
 [1119. ]
 [1255. ]
 [1426. ]
 [1474.3]
 [1530.9]
 [1660. ]
 [1722. ]
 [1885. ]]",8.50925599273299,110.69103708162714,"[[2041.42163086]
 [2204.62548828]
 [2365.68212891]
 [2511.70654297]]","[[2037.]
 [2187.]
 [2323.]
 [2319.]]",2.792564006909834,99.10573203345189
8,Qingdao(10kTEU),"[[ 570.09790039]
 [ 693.74279785]
 [ 841.54455566]
 [1028.01831055]
 [1118.92431641]
 [1112.56726074]
 [1298.19348145]
 [1404.99230957]
 [1562.11779785]
 [1669.86975098]
 [1782.17797852]
 [1876.47424316]]","[[ 630.7]
 [ 770.2]
 [ 946.2]
 [1032. ]
 [1026. ]
 [1201.2]
 [1302. ]
 [1450.3]
 [1552. ]
 [1658. ]
 [1747. ]
 [1801. ]]",4.867184237852432,62.06314924885085,"[[1933.68798828]
 [1964.41381836]
 [1960.17578125]
 [2251.54101562]]","[[1830.]
 [1826.]
 [2101.]
 [2200.]]",5.572918107648522,114.45252389619793
8,Dubai(10kTEU),"[[ 683.33215332]
 [ 912.77587891]
 [ 944.62573242]
 [1140.33398438]
 [1248.87451172]
 [1172.70739746]
 [1225.09204102]
 [1371.76843262]
 [1400.05603027]
 [1438.92541504]
 [1607.39379883]
 [1644.16772461]]","[[ 861.9]
 [ 892.3]
 [1079.1]
 [1182.7]
 [1110. ]
 [1160. ]
 [1300. ]
 [1327. ]
 [1364.1]
 [1524.9]
 [1560. ]
 [1573. ]]",6.469610268791483,89.08911774389969,"[[1657.78796387]
 [1620.07092285]
 [1576.06811523]
 [1488.06213379]]","[[1537.]
 [1495.]
 [1411.]
 [1350.]]",9.537529436669388,138.3303142947528
8,Tianjin(10kTEU),"[[ 417.84606934]
 [ 522.38604736]
 [ 644.33178711]
 [ 880.58154297]
 [ 914.96838379]
 [ 936.19470215]
 [1082.65673828]
 [1241.8548584 ]
 [1318.26989746]
 [1393.6237793 ]
 [1505.16845703]
 [1510.36889648]]","[[ 480.1]
 [ 595. ]
 [ 817.6]
 [ 850. ]
 [ 870. ]
 [1008. ]
 [1158. ]
 [1230. ]
 [1301. ]
 [1406.1]
 [1411. ]
 [1449. ]]",6.903944965243911,74.26780856032319,"[[1550.69909668]
 [1612.25561523]
 [1710.95825195]
 [1848.9296875 ]]","[[1507.]
 [1600.]
 [1730.]
 [1835.]]",1.3813767631990652,25.575552378795475
8,Rotterdam(10kTEU),"[[ 854.02429199]
 [ 957.01519775]
 [ 993.2868042 ]
 [1018.31933594]
 [1110.27539062]
 [1002.27801514]
 [1145.52526855]
 [1220.21398926]
 [1219.09020996]
 [1194.15991211]
 [1263.3314209 ]
 [1256.38354492]]","[[ 930. ]
 [ 965.5]
 [ 990. ]
 [1080. ]
 [ 974.3]
 [1114.5]
 [1187.6]
 [1186.5]
 [1162.1]
 [1229.8]
 [1223. ]
 [1238. ]]",4.840498401951462,64.63505398868995,"[[1271.70935059]
 [1409.64367676]
 [1489.33898926]
 [1521.01293945]]","[[1373.]
 [1451.]
 [1482.]
 [1435.]]",4.179164855958771,69.68182626683956
8,Kelang(10kTEU),"[[ 565.82275391]
 [ 597.97583008]
 [ 681.78808594]
 [ 787.46453857]
 [ 857.98706055]
 [ 787.14300537]
 [ 954.44616699]
 [1033.00683594]
 [1075.5559082 ]
 [1113.06811523]
 [1176.94543457]
 [1278.12060547]]","[[ 554.4]
 [ 632.6]
 [ 731.2]
 [ 797. ]
 [ 730.9]
 [ 887. ]
 [ 960.3]
 [1000. ]
 [1035. ]
 [1094.6]
 [1189. ]
 [1320. ]]",4.819648353272294,54.00083552150538,"[[1418.52233887]
 [1475.32592773]
 [1324.20629883]
 [1459.24951172]]","[[1373.]
 [1232.]
 [1358.]
 [1324.]]",8.942432433482011,142.051254044788
8,Kaohsiung(10kTEU),"[[ 976.57293701]
 [ 952.18408203]
 [ 982.6953125 ]
 [ 924.98486328]
 [ 972.85931396]
 [ 862.85852051]
 [ 923.07794189]
 [ 968.74450684]
 [ 983.29742432]
 [ 999.05487061]
 [1064.79455566]
 [1031.37255859]]","[[ 947.1]
 [ 977.5]
 [ 920. ]
 [ 967.7]
 [ 858.1]
 [ 918.1]
 [ 963.6]
 [ 978.1]
 [ 993.8]
 [1059.3]
 [1026. ]
 [1046. ]]",4.450547290747597,50.558940669696995,"[[1051.44567871]
 [1032.3762207 ]
 [1050.44213867]
 [1047.43115234]]","[[1027.]
 [1045.]
 [1042.]
 [ 962.]]",3.3197700385951143,45.07411260222097
8,Dalian(10kTEU),"[[ 265.67333984]
 [ 311.54675293]
 [ 368.60882568]
 [ 514.06121826]
 [ 499.92279053]
 [ 504.90686035]
 [ 575.09033203]
 [ 692.87615967]
 [ 861.72302246]
 [1050.09912109]
 [1060.16882324]
 [1003.10656738]]","[[ 265.1]
 [ 321.2]
 [ 464.2]
 [ 450.3]
 [ 455.2]
 [ 524.2]
 [ 640. ]
 [ 806. ]
 [ 991.2]
 [1001.1]
 [ 945. ]
 [ 961. ]]",9.181886095440294,74.65549956337026,"[[1019.38098145]
 [1028.53540039]
 [1035.65563965]
 [1080.41015625]]","[[ 970.]
 [ 977.]
 [1021.]
 [ 654.]]",19.250358633749748,216.2953928939418
8,Hanburg(10kTEU),"[[709.03765869]
 [817.36431885]
 [894.64050293]
 [944.36096191]
 [982.00067139]
 [709.43695068]
 [798.59423828]
 [909.81628418]
 [894.74023438]
 [938.57019043]
 [981.30194092]
 [890.44732666]]","[[808.8]
 [886.2]
 [936. ]
 [973.7]
 [700.7]
 [790. ]
 [901.4]
 [886.3]
 [930.2]
 [973. ]
 [882. ]
 [891. ]]",9.217275248679076,102.59498179812437,"[[899.43280029]
 [894.44085693]
 [881.46173096]
 [938.37054443]]","[[886.]
 [873.]
 [930.]
 [870.]]",4.262491688720786,43.79111033529309
8,Antwerp(10kTEU),"[[630.01196289]
 [673.10266113]
 [728.32867432]
 [865.72521973]
 [897.50341797]
 [758.15289307]
 [877.34637451]
 [897.50341797]
 [894.31536865]
 [888.65893555]
 [929.7956543 ]
 [998.90539551]]","[[ 648.2]
 [ 701.9]
 [ 835.5]
 [ 866.4]
 [ 730.9]
 [ 846.8]
 [ 866.4]
 [ 863.3]
 [ 857.8]
 [ 897.8]
 [ 965. ]
 [1004. ]]",5.644375180202577,65.97548617835992,"[[1039.01391602]
 [1081.17883301]
 [1148.02600098]
 [1148.02600098]]","[[1045.]
 [1110.]
 [1110.]
 [1204.]]",2.81102540725271,36.89701270158894
8,Xiamen(10kTEU),"[[316.59689331]
 [367.12530518]
 [439.90756226]
 [505.27182007]
 [549.02722168]
 [510.96966553]
 [633.527771  ]
 [701.25720215]
 [781.99499512]
 [868.75317383]
 [929.38726807]
 [994.75152588]]","[[334.2]
 [401.9]
 [462.7]
 [503.4]
 [468. ]
 [582. ]
 [645. ]
 [720.1]
 [800.8]
 [857.2]
 [918. ]
 [961. ]]",5.131633608525169,36.39536284434959,"[[1040.97949219]
 [1123.7598877 ]
 [1082.90734863]
 [1203.31530762]]","[[1038.]
 [1000.]
 [1112.]
 [1141.]]",5.185185082155616,70.80778047476343
8,Tanjung(10kTEU),"[[424.64727783]
 [440.83035278]
 [501.95495605]
 [577.2010498 ]
 [587.50891113]
 [630.38873291]
 [683.37030029]
 [785.41650391]
 [803.97045898]
 [796.54882812]
 [891.58575439]
 [948.27801514]]","[[417.7]
 [477. ]
 [550. ]
 [560. ]
 [601.6]
 [653. ]
 [752. ]
 [770. ]
 [762.8]
 [855. ]
 [910. ]
 [828. ]]",5.564163476484402,49.61155310978938,"[[863.75512695]
 [874.06262207]
 [933.84729004]
 [948.27801514]]","[[838.]
 [896.]
 [910.]
 [985.]]",2.967618464297356,27.666642953689525
8,Los Angeles(10kTEU),"[[742.31237793]
 [758.85968018]
 [858.24432373]
 [720.31677246]
 [795.6875    ]
 [736.25854492]
 [793.77038574]
 [804.76837158]
 [818.69238281]
 [797.60461426]
 [845.12756348]
 [826.96594238]]","[[748.5]
 [847. ]
 [710.3]
 [785. ]
 [726.1]
 [783.1]
 [794. ]
 [807.8]
 [786.9]
 [834. ]
 [816. ]
 [886. ]]",6.242280684255121,62.976877819855616,"[[897.59460449]
 [955.10650635]
 [958.13342285]
 [941.98974609]]","[[943.]
 [946.]
 [930.]
 [920.]]",2.7982290129642475,29.23874490164205
8,Long Beach(10kTEU),"[[582.72064209]
 [675.25427246]
 [732.96337891]
 [735.15234375]
 [653.16558838]
 [511.77816772]
 [630.77832031]
 [614.56011963]
 [609.08764648]
 [677.24420166]
 [686.29852295]
 [723.01361084]]","[[671. ]
 [729. ]
 [731.2]
 [648.8]
 [506.7]
 [626.3]
 [610. ]
 [604.5]
 [673. ]
 [682.1]
 [719. ]
 [680. ]]",8.951966306286037,70.86958287062357,"[[684.20910645]
 [757.83807373]
 [812.56231689]
 [766.79290771]]","[[754.]
 [809.]
 [763.]
 [811.]]",6.881708514947384,54.54127287438599
16,Ningbo(10kTEU),"[[ 453.7598877 ]
 [ 584.57696533]
 [ 786.83746338]
 [1034.98730469]
 [1197.66577148]
 [1151.34179688]
 [1432.33154297]
 [1596.31494141]
 [1722.34741211]
 [1842.2902832 ]
 [2051.72753906]
 [2261.60009766]]","[[ 520.8]
 [ 706.8]
 [ 935. ]
 [1084.6]
 [1042. ]
 [1300.4]
 [1451.2]
 [1567.1]
 [1677.4]
 [1870. ]
 [2063. ]
 [2160. ]]",7.463593187755348,93.42727204349501,"[[2367.08007812]
 [2694.39453125]
 [2883.60595703]
 [3007.57275391]]","[[2461.]
 [2635.]
 [2749.]
 [2872.]]",3.9218589945961835,110.50723657009603
16,Shanghai(10kTEU),"[[1544.44519043]
 [1915.07202148]
 [2295.77807617]
 [2761.94824219]
 [2954.08666992]
 [2641.41601562]
 [3068.42431641]
 [3348.75708008]
 [3431.70117188]
 [3545.93457031]
 [3721.06323242]
 [3852.82983398]]","[[1808.4]
 [2171. ]
 [2615. ]
 [2798. ]
 [2500.2]
 [2906.9]
 [3173.9]
 [3252.9]
 [3361.7]
 [3528.5]
 [3654. ]
 [3713. ]]",6.801250289337668,216.87864890689931,"[[3914.77612305]
 [4240.25585938]
 [4427.14306641]
 [4562.58496094]]","[[4023.]
 [4201.]
 [4330.]
 [4350.]]",2.6887672360632706,130.27141954938006
16,Singapore(10kTEU),"[[2183.84838867]
 [2373.56323242]
 [2536.49658203]
 [2856.66040039]
 [3058.49389648]
 [2645.96704102]
 [2907.06835938]
 [3060.53051758]
 [3234.76660156]
 [3329.47192383]
 [3460.83642578]
 [3160.53027344]]","[[2319.2]
 [2479.2]
 [2793.6]
 [2991.8]
 [2586.7]
 [2843.1]
 [2993.8]
 [3164.9]
 [3257.9]
 [3386.9]
 [3092. ]
 [3090. ]]",5.98349998424249,211.84866481405152,"[[3158.49389648]
 [3440.57226562]
 [3738.94287109]
 [3800.04296875]]","[[3367.]
 [3660.]
 [3720.]
 [3660.]]",4.130864585614102,167.0285838395647
16,Shenzhen(10kTEU),"[[1413.515625  ]
 [1674.60888672]
 [1907.9699707 ]
 [2178.10180664]
 [2210.45605469]
 [1885.47619629]
 [2322.92529297]
 [2329.19091797]
 [2367.19458008]
 [2401.91113281]
 [2479.86914062]
 [2496.61108398]]","[[1619.7]
 [1846.9]
 [2109.9]
 [2141.4]
 [1825. ]
 [2250.9]
 [2257. ]
 [2294. ]
 [2327.8]
 [2403.7]
 [2420. ]
 [2397. ]]",6.962478286433791,186.43056570828676,"[[2472.98779297]
 [2600.34985352]
 [2860.21069336]
 [2657.86865234]]","[[2521.]
 [2774.]
 [2577.]
 [2655.]]",4.815598536841403,167.83628287517553
16,Hong Kong(10kTEU),"[[2177.59912109]
 [2221.39672852]
 [2331.3347168 ]
 [2376.71411133]
 [2425.7512207 ]
 [2084.27026367]
 [2347.15380859]
 [2414.87646484]
 [2289.61376953]
 [2215.46484375]
 [2201.52490234]
 [1988.37097168]]","[[2242.7]
 [2353.9]
 [2399.8]
 [2449.4]
 [2104. ]
 [2369.9]
 [2438.4]
 [2311.7]
 [2236.7]
 [2222.6]
 [2007. ]
 [1981. ]]",5.221126361042538,151.819647872957,"[[1962.66625977]
 [2056.58813477]
 [1941.90429688]
 [1813.37939453]]","[[2076.]
 [1960.]
 [1830.]
 [2007.]]",6.537363962084246,134.33662472887727
16,Busan(10kTEU),"[[1202.39379883]
 [1238.99633789]
 [1258.49682617]
 [1387.80395508]
 [1406.78295898]
 [1253.28259277]
 [1484.15893555]
 [1691.67651367]
 [1781.56591797]
 [1848.30505371]
 [1951.75109863]
 [2032.25537109]]","[[1184.3]
 [1203. ]
 [1327. ]
 [1345.2]
 [1198. ]
 [1419.4]
 [1618.4]
 [1704.6]
 [1768.6]
 [1867.8]
 [1945. ]
 [1985. ]]",4.628148212407713,91.43791879843296,"[[2073.96728516]
 [2140.70654297]
 [2262.71484375]
 [2297.12670898]]","[[2049.]
 [2166.]
 [2199.]
 [2159.]]",2.9203559026597414,78.10520684564878
16,Guangzhou(10kTEU),"[[ 376.13882446]
 [ 524.24945068]
 [ 729.0378418 ]
 [1120.11413574]
 [1199.67663574]
 [1219.88830566]
 [1365.32543945]
 [1548.19128418]
 [1599.84289551]
 [1660.37023926]
 [1798.42883301]
 [1864.73095703]]","[[ 468.5]
 [ 660. ]
 [1025.7]
 [1100.1]
 [1119. ]
 [1255. ]
 [1426. ]
 [1474.3]
 [1530.9]
 [1660. ]
 [1722. ]
 [1885. ]]",8.361530534949397,109.26120669850357,"[[2039.04150391]
 [2201.58911133]
 [2361.99755859]
 [2507.43457031]]","[[2037.]
 [2187.]
 [2323.]
 [2319.]]",2.642936257524564,96.4953454482043
16,Qingdao(10kTEU),"[[ 565.12957764]
 [ 689.53570557]
 [ 838.2477417 ]
 [1025.86975098]
 [1117.33569336]
 [1110.93920898]
 [1297.70861816]
 [1405.16479492]
 [1563.25805664]
 [1671.67346191]
 [1784.67321777]
 [1879.55029297]]","[[ 630.7]
 [ 770.2]
 [ 946.2]
 [1032. ]
 [1026. ]
 [1201.2]
 [1302. ]
 [1450.3]
 [1552. ]
 [1658. ]
 [1747. ]
 [1801. ]]",5.066561962137079,63.865371384738594,"[[1937.11621094]
 [1968.03125   ]
 [1963.76696777]
 [2256.92651367]]","[[1830.]
 [1826.]
 [2101.]
 [2200.]]",5.6877454400904925,115.88819149842274
16,Dubai(10kTEU),"[[ 686.08013916]
 [ 914.50585938]
 [ 946.21429443]
 [1141.05432129]
 [1249.11315918]
 [1173.28430176]
 [1225.43615723]
 [1371.46179199]
 [1399.6237793 ]
 [1438.32043457]
 [1606.04162598]
 [1642.65209961]]","[[ 861.9]
 [ 892.3]
 [1079.1]
 [1182.7]
 [1110. ]
 [1160. ]
 [1300. ]
 [1327. ]
 [1364.1]
 [1524.9]
 [1560. ]
 [1573. ]]",6.429072121293551,88.31452533890413,"[[1656.21166992]
 [1618.66223145]
 [1574.85461426]
 [1487.23925781]]","[[1537.]
 [1495.]
 [1411.]
 [1350.]]",9.45159442037156,137.1009830654931
16,Tianjin(10kTEU),"[[ 419.13467407]
 [ 523.49829102]
 [ 645.23815918]
 [ 881.0894165 ]
 [ 915.41833496]
 [ 936.60876465]
 [1082.82373047]
 [1241.75317383]
 [1318.03942871]
 [1393.26574707]
 [1504.62231445]
 [1509.81408691]]","[[ 480.1]
 [ 595. ]
 [ 817.6]
 [ 850. ]
 [ 870. ]
 [1008. ]
 [1158. ]
 [1230. ]
 [1301. ]
 [1406.1]
 [1411. ]
 [1449. ]]",6.854966885341916,73.80837502377689,"[[1550.07629395]
 [1611.5291748 ]
 [1710.06530762]
 [1847.80407715]]","[[1507.]
 [1600.]
 [1730.]
 [1835.]]",1.357262830110917,25.24789755484855
16,Rotterdam(10kTEU),"[[ 853.93487549]
 [ 956.96099854]
 [ 993.24511719]
 [1018.28613281]
 [1110.27355957]
 [1002.23913574]
 [1145.53527832]
 [1220.24963379]
 [1219.12536621]
 [1194.18652344]
 [1263.3815918 ]
 [1256.43151855]]","[[ 930. ]
 [ 965.5]
 [ 990. ]
 [1080. ]
 [ 974.3]
 [1114.5]
 [1187.6]
 [1186.5]
 [1162.1]
 [1229.8]
 [1223. ]
 [1238. ]]",4.8428644389103805,64.65829733778381,"[[1271.76269531]
 [1409.74414062]
 [1489.4666748 ]
 [1521.15112305]]","[[1373.]
 [1451.]
 [1482.]
 [1435.]]",4.181023916533337,69.69362422064918
16,Kelang(10kTEU),"[[ 567.86572266]
 [ 599.85400391]
 [ 683.23657227]
 [ 788.37115479]
 [ 858.53192139]
 [ 788.0513916 ]
 [ 954.496521  ]
 [1032.65429688]
 [1074.98535156]
 [1112.30505371]
 [1175.85498047]
 [1276.51098633]]","[[ 554.4]
 [ 632.6]
 [ 731.2]
 [ 797. ]
 [ 730.9]
 [ 887. ]
 [ 960.3]
 [1000. ]
 [1035. ]
 [1094.6]
 [1189. ]
 [1320. ]]",4.801332153323281,53.840562748974385,"[[1416.1932373 ]
 [1472.70544434]
 [1322.36083984]
 [1456.71142578]]","[[1373.]
 [1232.]
 [1358.]
 [1324.]]",8.832897309415873,140.25622887358267
16,Kaohsiung(10kTEU),"[[ 976.57006836]
 [ 952.20281982]
 [ 982.68695068]
 [ 925.02789307]
 [ 972.85974121]
 [ 862.95672607]
 [ 923.12243652]
 [ 968.74841309]
 [ 983.28845215]
 [ 999.03198242]
 [1064.71313477]
 [1031.32092285]]","[[ 947.1]
 [ 977.5]
 [ 920. ]
 [ 967.7]
 [ 858.1]
 [ 918.1]
 [ 963.6]
 [ 978.1]
 [ 993.8]
 [1059.3]
 [1026. ]
 [1046. ]]",4.448616058466266,50.540715950377695,"[[1051.37634277]
 [1032.32373047]
 [1050.37353516]
 [1047.36523438]]","[[1027.]
 [1045.]
 [1042.]
 [ 962.]]",3.3159789561288373,45.033968365969734
16,Dalian(10kTEU),"[[ 284.81756592]
 [ 330.00927734]
 [ 385.63464355]
 [ 524.77435303]
 [ 511.24957275]
 [ 516.01727295]
 [ 583.15460205]
 [ 695.82849121]
 [ 857.34729004]
 [1037.5480957 ]
 [1047.18066406]
 [ 992.59515381]]","[[ 265.1]
 [ 321.2]
 [ 464.2]
 [ 450.3]
 [ 455.2]
 [ 524.2]
 [ 640. ]
 [ 806. ]
 [ 991.2]
 [1001.1]
 [ 945. ]
 [ 961. ]]",9.276226975349461,71.55834216842966,"[[1008.16308594]
 [1016.92010498]
 [1023.73114014]
 [1066.54345703]]","[[ 970.]
 [ 977.]
 [1021.]
 [ 654.]]",17.84196571762769,208.116313017304
16,Hanburg(10kTEU),"[[708.98571777]
 [817.34606934]
 [894.64660645]
 [944.38256836]
 [982.03417969]
 [709.38525391]
 [798.57043457]
 [909.8270874 ]
 [894.74658203]
 [938.59002686]
 [981.33502197]
 [890.45196533]]","[[808.8]
 [886.2]
 [936. ]
 [973.7]
 [700.7]
 [790. ]
 [901.4]
 [886.3]
 [930.2]
 [973. ]
 [882. ]
 [891. ]]",9.219050652583931,102.6146549827967,"[[899.44049072]
 [894.44683838]
 [881.46362305]
 [938.39038086]]","[[886.]
 [873.]
 [930.]
 [870.]]",4.263399126863421,43.799651109178214
16,Antwerp(10kTEU),"[[634.76367188]
 [676.92980957]
 [730.97088623]
 [865.41925049]
 [896.51568604]
 [760.15509033]
 [876.7911377 ]
 [896.51568604]
 [893.39587402]
 [887.86096191]
 [928.1149292 ]
 [995.74176025]]","[[ 648.2]
 [ 701.9]
 [ 835.5]
 [ 866.4]
 [ 730.9]
 [ 846.8]
 [ 866.4]
 [ 863.3]
 [ 857.8]
 [ 897.8]
 [ 965. ]
 [1004. ]]",5.507844641669619,64.98272455656296,"[[1034.98937988]
 [1076.24987793]
 [1141.66247559]
 [1141.66247559]]","[[1045.]
 [1110.]
 [1110.]
 [1204.]]",3.007129036103889,39.1400133022319
16,Xiamen(10kTEU),"[[320.55761719]
 [370.57229614]
 [442.61474609]
 [507.31463623]
 [550.62524414]
 [512.95465088]
 [634.2668457 ]
 [701.3079834 ]
 [781.22503662]
 [867.10131836]
 [927.11895752]
 [991.81890869]]","[[334.2]
 [401.9]
 [462.7]
 [503.4]
 [468. ]
 [582. ]
 [645. ]
 [720.1]
 [800.8]
 [857.2]
 [918. ]
 [961. ]]",4.882288379742169,35.546904399274055,"[[1037.5769043 ]
 [1119.51611328]
 [1079.07861328]
 [1198.26257324]]","[[1038.]
 [1000.]
 [1112.]
 [1141.]]",4.992889696477758,68.2771930106111
16,Tanjung(10kTEU),"[[427.10614014]
 [443.15231323]
 [503.75976562]
 [578.36932373]
 [588.58984375]
 [631.10705566]
 [683.64050293]
 [784.82324219]
 [803.22015381]
 [795.86138916]
 [890.09429932]
 [946.30700684]]","[[417.7]
 [477. ]
 [550. ]
 [560. ]
 [601.6]
 [653. ]
 [752. ]
 [770. ]
 [762.8]
 [855. ]
 [910. ]
 [828. ]]",5.5214626436135,48.96852402251099,"[[862.49902344]
 [872.71936035]
 [931.99835205]
 [946.30700684]]","[[838.]
 [896.]
 [910.]
 [985.]]",2.966855201405042,27.943091922583807
16,Los Angeles(10kTEU),"[[742.39489746]
 [758.91595459]
 [858.14373779]
 [720.43371582]
 [795.68566895]
 [736.3505249 ]
 [793.77166748]
 [804.75219727]
 [818.65405273]
 [797.59967041]
 [845.04766846]
 [826.91461182]]","[[748.5]
 [847. ]
 [710.3]
 [785. ]
 [726.1]
 [783.1]
 [794. ]
 [807.8]
 [786.9]
 [834. ]
 [816. ]
 [886. ]]",6.236850713403235,62.93370928393731,"[[897.43182373]
 [954.85296631]
 [957.87506104]
 [941.75701904]]","[[943.]
 [946.]
 [930.]
 [920.]]",2.7825748827446417,29.177134053664172
16,Long Beach(10kTEU),"[[583.25286865]
 [675.15222168]
 [732.46588135]
 [734.63983154]
 [653.21502686]
 [512.79681396]
 [630.98120117]
 [614.87420654]
 [609.43927002]
 [677.128479  ]
 [686.12091064]
 [722.58422852]]","[[671. ]
 [729. ]
 [731.2]
 [648.8]
 [506.7]
 [626.3]
 [610. ]
 [604.5]
 [673. ]
 [682.1]
 [719. ]
 [680. ]]",8.922487454680027,70.60796471543263,"[[684.0456543 ]
 [757.16986084]
 [811.51898193]
 [766.06335449]]","[[754.]
 [809.]
 [763.]
 [811.]]",6.896081386698243,54.66572858171902
32,Ningbo(10kTEU),"[[ 460.59048462]
 [ 590.60845947]
 [ 791.63397217]
 [1038.26843262]
 [1199.95324707]
 [1153.9119873 ]
 [1433.1862793 ]
 [1596.16796875]
 [1721.43054199]
 [1840.64074707]
 [2048.79931641]
 [2257.39013672]]","[[ 520.8]
 [ 706.8]
 [ 935. ]
 [1084.6]
 [1042. ]
 [1300.4]
 [1451.2]
 [1567.1]
 [1677.4]
 [1870. ]
 [2063. ]
 [2160. ]]",7.209740076719704,91.2371687209761,"[[2362.22583008]
 [2687.54125977]
 [2875.59741211]
 [2998.80664062]]","[[2461.]
 [2635.]
 [2749.]
 [2872.]]",3.757011052796825,105.62167093085485
32,Shanghai(10kTEU),"[[1547.47070312]
 [1917.37487793]
 [2297.33886719]
 [2762.60058594]
 [2954.36401367]
 [2642.30322266]
 [3068.47851562]
 [3348.2644043 ]
 [3431.04760742]
 [3545.05737305]
 [3719.84521484]
 [3851.35522461]]","[[1808.4]
 [2171. ]
 [2615. ]
 [2798. ]
 [2500.2]
 [2906.9]
 [3173.9]
 [3252.9]
 [3361.7]
 [3528.5]
 [3654. ]
 [3713. ]]",6.758749520681971,215.95080013558749,"[[3913.18017578]
 [4238.02539062]
 [4424.54980469]
 [4559.72705078]]","[[4023.]
 [4201.]
 [4330.]
 [4350.]]",2.654014026930108,128.79865560072474
32,Singapore(10kTEU),"[[2183.66674805]
 [2373.42724609]
 [2536.39916992]
 [2856.63916016]
 [3058.52001953]
 [2645.89599609]
 [2907.05834961]
 [3060.55712891]
 [3234.83569336]
 [3329.56298828]
 [3460.95874023]
 [3160.58154297]]","[[2319.2]
 [2479.2]
 [2793.6]
 [2991.8]
 [2586.7]
 [2843.1]
 [2993.8]
 [3164.9]
 [3257.9]
 [3386.9]
 [3092. ]
 [3090. ]]",5.985276809022746,211.90106918846644,"[[3158.54418945]
 [3440.68896484]
 [3739.1315918 ]
 [3800.24584961]]","[[3367.]
 [3660.]
 [3720.]
 [3660.]]",4.132348116651544,167.0225068885914
32,Shenzhen(10kTEU),"[[1415.11096191]
 [1675.67114258]
 [1908.55627441]
 [2178.13671875]
 [2210.42504883]
 [1886.1081543 ]
 [2322.66479492]
 [2328.91748047]
 [2366.84326172]
 [2401.48901367]
 [2479.28808594]
 [2495.99584961]]","[[1619.7]
 [1846.9]
 [2109.9]
 [2141.4]
 [1825. ]
 [2250.9]
 [2257. ]
 [2294. ]
 [2327.8]
 [2403.7]
 [2420. ]
 [2397. ]]",6.938927122096426,185.9807457029134,"[[2472.4206543 ]
 [2599.5234375 ]
 [2858.85375977]
 [2656.92456055]]","[[2521.]
 [2774.]
 [2577.]
 [2655.]]",4.806616912551801,167.51661821896758
32,Hong Kong(10kTEU),"[[2177.57397461]
 [2221.38427734]
 [2331.35498047]
 [2376.74755859]
 [2425.79931641]
 [2084.2175293 ]
 [2347.17797852]
 [2414.9206543 ]
 [2289.62158203]
 [2215.45068359]
 [2201.5065918 ]
 [1988.28967285]]","[[2242.7]
 [2353.9]
 [2399.8]
 [2449.4]
 [2104. ]
 [2369.9]
 [2438.4]
 [2311.7]
 [2236.7]
 [2222.6]
 [2007. ]
 [1981. ]]",5.221196515115264,151.83541220990983,"[[1962.57714844]
 [2056.52709961]
 [1941.80944824]
 [1813.24633789]]","[[2076.]
 [1960.]
 [1830.]
 [2007.]]",6.538020226467628,134.37267068919127
32,Busan(10kTEU),"[[1202.30065918]
 [1238.91149902]
 [1258.41638184]
 [1387.75390625]
 [1406.73742676]
 [1253.2010498 ]
 [1484.13146973]
 [1691.69702148]
 [1781.60791016]
 [1848.3626709 ]
 [1951.83276367]
 [2032.35559082]]","[[1184.3]
 [1203. ]
 [1327. ]
 [1345.2]
 [1198. ]
 [1419.4]
 [1618.4]
 [1704.6]
 [1768.6]
 [1867.8]
 [1945. ]
 [1985. ]]",4.6280148877106715,91.4477950768699,"[[2074.07763672]
 [2140.83251953]
 [2262.86865234]
 [2297.2890625 ]]","[[2049.]
 [2166.]
 [2199.]
 [2159.]]",2.9238768688181573,78.20703212607901
32,Guangzhou(10kTEU),"[[ 386.45117188]
 [ 533.10723877]
 [ 735.88458252]
 [1123.12011719]
 [1201.90136719]
 [1221.91430664]
 [1365.92321777]
 [1546.99316406]
 [1598.13769531]
 [1658.07104492]
 [1794.77319336]
 [1860.42407227]]","[[ 468.5]
 [ 660. ]
 [1025.7]
 [1100.1]
 [1119. ]
 [1255. ]
 [1426. ]
 [1474.3]
 [1530.9]
 [1660. ]
 [1722. ]
 [1885. ]]",8.026146740755804,105.92530510505271,"[[2033.02331543]
 [2193.97436523]
 [2352.80786133]
 [2496.81640625]]","[[2037.]
 [2187.]
 [2323.]
 [2319.]]",2.366272833028794,90.23807223009585
32,Qingdao(10kTEU),"[[ 583.894104  ]
 [ 705.58239746]
 [ 851.04510498]
 [1034.56811523]
 [1124.03564453]
 [1117.77905273]
 [1300.46789551]
 [1405.57653809]
 [1560.21533203]
 [1666.26245117]
 [1776.79321289]
 [1869.59765625]]","[[ 630.7]
 [ 770.2]
 [ 946.2]
 [1032. ]
 [1026. ]
 [1201.2]
 [1302. ]
 [1450.3]
 [1552. ]
 [1658. ]
 [1747. ]
 [1801. ]]",4.3633030161720745,57.53903523415243,"[[1925.90563965]
 [1956.14526367]
 [1951.9744873 ]
 [2238.72900391]]","[[1830.]
 [1826.]
 [2101.]
 [2200.]]",5.305392966666224,111.62909628572302
32,Dubai(10kTEU),"[[ 685.62542725]
 [ 914.22076416]
 [ 945.95257568]
 [1140.93713379]
 [1249.07641602]
 [1173.19116211]
 [1225.38171387]
 [1371.51586914]
 [1399.69897461]
 [1438.42431641]
 [1606.26977539]
 [1642.9074707 ]]","[[ 861.9]
 [ 892.3]
 [1079.1]
 [1182.7]
 [1110. ]
 [1160. ]
 [1300. ]
 [1327. ]
 [1364.1]
 [1524.9]
 [1560. ]
 [1573. ]]",6.435859749187968,88.44240281982307,"[[1656.47717285]
 [1618.89990234]
 [1575.05969238]
 [1487.37927246]]","[[1537.]
 [1495.]
 [1411.]
 [1350.]]",9.466113799152835,137.3086193580291
32,Tianjin(10kTEU),"[[ 430.28036499]
 [ 533.05718994]
 [ 652.94622803]
 [ 885.21154785]
 [ 919.01837158]
 [ 939.88671875]
 [1083.87878418]
 [1240.39196777]
 [1315.51806641]
 [1389.60083008]
 [1499.26428223]
 [1504.3770752 ]]","[[ 480.1]
 [ 595. ]
 [ 817.6]
 [ 850. ]
 [ 870. ]
 [1008. ]
 [1158. ]
 [1230. ]
 [1301. ]
 [1406.1]
 [1411. ]
 [1449. ]]",6.422702424767889,69.91303751561269,"[[1544.02709961]
 [1604.54553223]
 [1701.58361816]
 [1837.22814941]]","[[1507.]
 [1600.]
 [1730.]
 [1835.]]",1.126273374435212,23.47404617424573
32,Rotterdam(10kTEU),"[[ 854.25323486]
 [ 957.15637207]
 [ 993.39715576]
 [1018.4083252 ]
 [1110.28637695]
 [1002.3807373 ]
 [1145.50634766]
 [1220.1315918 ]
 [1219.00866699]
 [1194.09936523]
 [1263.2121582 ]
 [1256.27050781]]","[[ 930. ]
 [ 965.5]
 [ 990. ]
 [1080. ]
 [ 974.3]
 [1114.5]
 [1187.6]
 [1186.5]
 [1162.1]
 [1229.8]
 [1223. ]
 [1238. ]]",4.834602652104624,64.57696168875044,"[[1271.58325195]
 [1409.40026855]
 [1489.02783203]
 [1520.67456055]]","[[1373.]
 [1451.]
 [1482.]
 [1435.]]",4.17451065498681,69.65166040498436
32,Kelang(10kTEU),"[[ 566.37963867]
 [ 598.4876709 ]
 [ 682.1829834 ]
 [ 787.71179199]
 [ 858.13574219]
 [ 787.39080811]
 [ 954.46014404]
 [1032.91101074]
 [1075.40100098]
 [1112.86035156]
 [1176.64855957]
 [1277.68212891]]","[[ 554.4]
 [ 632.6]
 [ 731.2]
 [ 797. ]
 [ 730.9]
 [ 887. ]
 [ 960.3]
 [1000. ]
 [1035. ]
 [1094.6]
 [1189. ]
 [1320. ]]",4.814657816354942,53.95469304827484,"[[1417.88793945]
 [1474.61206055]
 [1323.70397949]
 [1458.55810547]]","[[1373.]
 [1232.]
 [1358.]
 [1324.]]",8.912587311921875,141.56062288041076
32,Kaohsiung(10kTEU),"[[ 976.56939697]
 [ 952.20770264]
 [ 982.68481445]
 [ 925.03887939]
 [ 972.85998535]
 [ 862.98187256]
 [ 923.13415527]
 [ 968.74951172]
 [ 983.28631592]
 [ 999.02606201]
 [1064.69250488]
 [1031.3079834 ]]","[[ 947.1]
 [ 977.5]
 [ 920. ]
 [ 967.7]
 [ 858.1]
 [ 918.1]
 [ 963.6]
 [ 978.1]
 [ 993.8]
 [1059.3]
 [1026. ]
 [1046. ]]",4.448117999295772,50.53606938676794,"[[1051.35864258]
 [1032.31054688]
 [1050.3560791 ]
 [1047.34851074]]","[[1027.]
 [1045.]
 [1042.]
 [ 962.]]",3.3150100646171,45.02376603728658
32,Dalian(10kTEU),"[[ 269.97891235]
 [ 315.45489502]
 [ 372.02261353]
 [ 516.21484375]
 [ 502.19888306]
 [ 507.13980103]
 [ 576.71508789]
 [ 693.48046875]
 [ 860.86450195]
 [1047.60839844]
 [1057.59094238]
 [1001.02331543]]","[[ 265.1]
 [ 321.2]
 [ 464.2]
 [ 450.3]
 [ 455.2]
 [ 524.2]
 [ 640. ]
 [ 806. ]
 [ 991.2]
 [1001.1]
 [ 945. ]
 [ 961. ]]",9.118861135134194,73.87646044404394,"[[1017.15661621]
 [1026.23168945]
 [1033.29003906]
 [1077.65686035]]","[[ 970.]
 [ 977.]
 [1021.]
 [ 654.]]",18.970909109015473,214.64137886366163
32,Hanburg(10kTEU),"[[711.1763916 ]
 [818.17889404]
 [894.51074219]
 [943.62329102]
 [980.80316162]
 [711.57098389]
 [799.63842773]
 [909.50091553]
 [894.609375  ]
 [937.90344238]
 [980.11273193]
 [890.36865234]]","[[808.8]
 [886.2]
 [936. ]
 [973.7]
 [700.7]
 [790. ]
 [901.4]
 [886.3]
 [930.2]
 [973. ]
 [882. ]
 [891. ]]",9.142059240818577,101.82123477416368,"[[899.24438477]
 [894.3135376 ]
 [881.49298096]
 [937.70623779]]","[[886.]
 [873.]
 [930.]
 [870.]]",4.23359986936323,43.49352292370552
32,Antwerp(10kTEU),"[[630.49615479]
 [673.49389648]
 [728.60076904]
 [865.7008667 ]
 [897.41040039]
 [758.36047363]
 [877.29693604]
 [897.41040039]
 [894.22924805]
 [888.58508301]
 [929.63317871]
 [998.59368896]]","[[ 648.2]
 [ 701.9]
 [ 835.5]
 [ 866.4]
 [ 730.9]
 [ 846.8]
 [ 866.4]
 [ 863.3]
 [ 857.8]
 [ 897.8]
 [ 965. ]
 [1004. ]]",5.630388137005894,65.87224894097744,"[[1038.61547852]
 [1080.68969727]
 [1147.3927002 ]
 [1147.3927002 ]]","[[1045.]
 [1110.]
 [1110.]
 [1204.]]",2.83046037768661,37.089271966565526
32,Xiamen(10kTEU),"[[318.95126343]
 [369.17623901]
 [441.52151489]
 [506.49343872]
 [549.98614502]
 [512.15704346]
 [633.97937012]
 [701.30212402]
 [781.55529785]
 [867.79260254]
 [928.06262207]
 [993.03448486]]","[[334.2]
 [401.9]
 [462.7]
 [503.4]
 [468. ]
 [582. ]
 [645. ]
 [720.1]
 [800.8]
 [857.2]
 [918. ]
 [961. ]]",4.983598546001988,35.87719034601915,"[[1038.98510742]
 [1121.26843262]
 [1080.66113281]
 [1200.34619141]]","[[1038.]
 [1000.]
 [1112.]
 [1141.]]",5.060308714726754,69.30205303070935
32,Tanjung(10kTEU),"[[428.60675049]
 [444.5647583 ]
 [504.8394165 ]
 [579.03912354]
 [589.20349121]
 [631.48718262]
 [683.73199463]
 [784.35913086]
 [802.65496826]
 [795.33660889]
 [889.05206299]
 [944.95581055]]","[[417.7]
 [477. ]
 [550. ]
 [560. ]
 [601.6]
 [653. ]
 [752. ]
 [770. ]
 [762.8]
 [855. ]
 [910. ]
 [828. ]]",5.495831356977656,48.58134500958614,"[[861.6081543 ]
 [871.77252197]
 [930.72576904]
 [944.95581055]]","[[838.]
 [896.]
 [910.]
 [985.]]",2.966029691708146,28.184260910349995
32,Los Angeles(10kTEU),"[[742.51055908]
 [758.99542236]
 [858.00549316]
 [720.59783936]
 [795.68457031]
 [736.47955322]
 [793.77471924]
 [804.73126221]
 [818.6026001 ]
 [797.59442139]
 [844.93823242]
 [826.84503174]]","[[748.5]
 [847. ]
 [710.3]
 [785. ]
 [726.1]
 [783.1]
 [794. ]
 [807.8]
 [786.9]
 [834. ]
 [816. ]
 [886. ]]",6.229259634591463,62.87376841290488,"[[897.20733643]
 [954.50244141]
 [957.51794434]
 [941.4352417 ]]","[[943.]
 [946.]
 [930.]
 [920.]]",2.7609190919994515,29.094528670645175
32,Long Beach(10kTEU),"[[584.79473877]
 [674.82275391]
 [730.96948242]
 [733.09912109]
 [653.33227539]
 [515.77313232]
 [631.55133057]
 [615.77215576]
 [610.44781494]
 [676.75891113]
 [685.56811523]
 [721.28894043]]","[[671. ]
 [729. ]
 [731.2]
 [648.8]
 [506.7]
 [626.3]
 [610. ]
 [604.5]
 [673. ]
 [682.1]
 [719. ]
 [680. ]]",8.840569722319604,69.84830028323252,"[[683.53515625]
 [755.17059326]
 [808.4130249 ]
 [763.88293457]]","[[754.]
 [809.]
 [763.]
 [811.]]",6.940235785422965,55.10276744409844
64,Ningbo(10kTEU),"[[ 525.65582275]
 [ 664.42272949]
 [ 851.05273438]
 [1079.6394043 ]
 [1229.4934082 ]
 [1186.82104492]
 [1445.65917969]
 [1596.71496582]
 [1712.81164551]
 [1823.29846191]
 [2016.22521973]
 [2209.55249023]]","[[ 520.8]
 [ 706.8]
 [ 935. ]
 [1084.6]
 [1042. ]
 [1300.4]
 [1451.2]
 [1567.1]
 [1677.4]
 [1870. ]
 [2063. ]
 [2160. ]]",4.544417395714592,74.12332892310253,"[[2306.71704102]
 [2608.22753906]
 [2782.69238281]
 [2897.74121094]]","[[2461.]
 [2635.]
 [2749.]
 [2872.]]",2.351763551754184,81.11378227178353
64,Shanghai(10kTEU),"[[1548.33740234]
 [1918.03503418]
 [2297.78662109]
 [2762.78857422]
 [2954.44506836]
 [2642.55834961]
 [3068.49609375]
 [3348.12548828]
 [3430.86230469]
 [3544.80908203]
 [3719.49902344]
 [3850.93530273]]","[[1808.4]
 [2171. ]
 [2615. ]
 [2798. ]
 [2500.2]
 [2906.9]
 [3173.9]
 [3252.9]
 [3361.7]
 [3528.5]
 [3654. ]
 [3713. ]]",6.746593922825929,215.68623982229175,"[[3912.72607422]
 [4237.38964844]
 [4423.81005859]
 [4558.91162109]]","[[4023.]
 [4201.]
 [4330.]
 [4350.]]",2.644095227949419,128.38315479648688
64,Singapore(10kTEU),"[[2183.31787109]
 [2373.16552734]
 [2536.21264648]
 [2856.60058594]
 [3058.57495117]
 [2645.76025391]
 [2907.04272461]
 [3060.61303711]
 [3234.97119141]
 [3329.7421875 ]
 [3461.19897461]
 [3160.68310547]]","[[2319.2]
 [2479.2]
 [2793.6]
 [2991.8]
 [2586.7]
 [2843.1]
 [2993.8]
 [3164.9]
 [3257.9]
 [3386.9]
 [3092. ]
 [3090. ]]",5.988678936044397,212.00288207529937,"[[3158.64501953]
 [3440.91992188]
 [3739.50024414]
 [3800.64257812]]","[[3367.]
 [3660.]
 [3720.]
 [3660.]]",4.135209273765292,167.0093356826049
64,Shenzhen(10kTEU),"[[1414.8157959 ]
 [1675.47790527]
 [1908.45361328]
 [2178.1394043 ]
 [2210.44018555]
 [1885.99694824]
 [2322.72387695]
 [2328.97900391]
 [2366.91967773]
 [2401.57861328]
 [2479.40820312]
 [2496.12255859]]","[[1619.7]
 [1846.9]
 [2109.9]
 [2141.4]
 [1825. ]
 [2250.9]
 [2257. ]
 [2294. ]
 [2327.8]
 [2403.7]
 [2420. ]
 [2397. ]]",6.943473107196599,186.0655127506314,"[[2472.53808594]
 [2599.69018555]
 [2859.12182617]
 [2657.11376953]]","[[2521.]
 [2774.]
 [2577.]
 [2655.]]",4.808331797501957,167.57808728580005
64,Hong Kong(10kTEU),"[[2177.63671875]
 [2221.41552734]
 [2331.30737305]
 [2376.66796875]
 [2425.68408203]
 [2084.34741211]
 [2347.11938477]
 [2414.81347656]
 [2289.60424805]
 [2215.48657227]
 [2201.55249023]
 [1988.48815918]]","[[2242.7]
 [2353.9]
 [2399.8]
 [2449.4]
 [2104. ]
 [2369.9]
 [2438.4]
 [2311.7]
 [2236.7]
 [2222.6]
 [2007. ]
 [1981. ]]",5.221015999034179,151.79707603909873,"[[1962.79406738]
 [2056.67651367]
 [1942.04101562]
 [1813.5703125 ]]","[[2076.]
 [1960.]
 [1830.]
 [2007.]]",6.536441726387289,134.2852976540103
64,Busan(10kTEU),"[[1202.63647461]
 [1239.21643066]
 [1258.70483398]
 [1387.93322754]
 [1406.90075684]
 [1253.49401855]
 [1484.22949219]
 [1691.61999512]
 [1781.4543457 ]
 [1848.1529541 ]
 [1951.53552246]
 [2031.9909668 ]]","[[1184.3]
 [1203. ]
 [1327. ]
 [1345.2]
 [1198. ]
 [1419.4]
 [1618.4]
 [1704.6]
 [1768.6]
 [1867.8]
 [1945. ]
 [1985. ]]",4.628485355662195,91.4124562071399,"[[2073.67749023]
 [2140.3762207 ]
 [2262.30908203]
 [2296.70043945]]","[[2049.]
 [2166.]
 [2199.]
 [2159.]]",2.911083691572672,77.83798475510835
64,Guangzhou(10kTEU),"[[ 542.43164062]
 [ 665.15637207]
 [ 834.84448242]
 [1158.89086914]
 [1224.81652832]
 [1241.56396484]
 [1370.67944336]
 [1535.43725586]
 [1581.97375488]
 [1636.50744629]
 [1760.89465332]
 [1820.63146973]]","[[ 468.5]
 [ 660. ]
 [1025.7]
 [1100.1]
 [1119. ]
 [1255. ]
 [1426. ]
 [1474.3]
 [1530.9]
 [1660. ]
 [1722. ]
 [1885. ]]",5.790946552947901,77.65682710620872,"[[1977.68078613]
 [2124.36767578]
 [2270.70776367]
 [2403.38964844]]","[[2037.]
 [2187.]
 [2323.]
 [2319.]]",2.916512972038192,65.76029941093842
64,Qingdao(10kTEU),"[[ 576.24230957]
 [ 698.86468506]
 [ 845.44403076]
 [1030.37573242]
 [1120.52978516]
 [1114.22521973]
 [1298.31640625]
 [1404.23193359]
 [1560.05786133]
 [1666.91894531]
 [1778.29821777]
 [1871.8145752 ]]","[[ 630.7]
 [ 770.2]
 [ 946.2]
 [1032. ]
 [1026. ]
 [1201.2]
 [1302. ]
 [1450.3]
 [1552. ]
 [1658. ]
 [1747. ]
 [1801. ]]",4.616363509306514,59.849713371785185,"[[1928.55517578]
 [1959.02685547]
 [1954.82373047]
 [2243.77929688]]","[[1830.]
 [1826.]
 [2101.]
 [2200.]]",5.4045273338731965,112.57596941412366
64,Dubai(10kTEU),"[[ 690.40075684]
 [ 917.21264648]
 [ 948.69702148]
 [1142.16040039]
 [1249.45581055]
 [1174.16259766]
 [1225.94628906]
 [1370.94018555]
 [1398.90307617]
 [1437.32653809]
 [1603.86254883]
 [1640.21459961]]","[[ 861.9]
 [ 892.3]
 [1079.1]
 [1182.7]
 [1110. ]
 [1160. ]
 [1300. ]
 [1327. ]
 [1364.1]
 [1524.9]
 [1560. ]
 [1573. ]]",6.364422272221342,87.11405909930733,"[[1653.67834473]
 [1616.39404297]
 [1572.89587402]
 [1485.89953613]]","[[1537.]
 [1495.]
 [1411.]
 [1350.]]",9.312944683200538,135.11967634596712
64,Tianjin(10kTEU),"[[ 497.55126953]
 [ 594.48590088]
 [ 704.95422363]
 [ 912.34710693]
 [ 942.53381348]
 [ 961.16741943]
 [1089.73974609]
 [1229.49230957]
 [1296.57373047]
 [1362.7232666 ]
 [1460.64318848]
 [1465.20849609]]","[[ 480.1]
 [ 595. ]
 [ 817.6]
 [ 850. ]
 [ 870. ]
 [1008. ]
 [1158. ]
 [1230. ]
 [1301. ]
 [1406.1]
 [1411. ]
 [1449. ]]",4.317930210089404,52.93352975305983,"[[1500.61242676]
 [1554.64990234]
 [1641.29760742]
 [1762.41748047]]","[[1507.]
 [1600.]
 [1730.]
 [1835.]]",3.0852494726028508,61.71257781024832
64,Rotterdam(10kTEU),"[[ 855.68457031]
 [ 958.03289795]
 [ 994.07824707]
 [1018.95452881]
 [1110.33691406]
 [1003.01330566]
 [1145.36682129]
 [1219.58972168]
 [1218.47290039]
 [1193.69812012]
 [1262.43786621]
 [1255.5333252 ]]","[[ 930. ]
 [ 965.5]
 [ 990. ]
 [1080. ]
 [ 974.3]
 [1114.5]
 [1187.6]
 [1186.5]
 [1162.1]
 [1229.8]
 [1223. ]
 [1238. ]]",4.797244765917711,64.21294705541253,"[[1270.76367188]
 [1407.83728027]
 [1487.03540039]
 [1518.51159668]]","[[1373.]
 [1451.]
 [1482.]
 [1435.]]",4.145070501523999,69.48890055210464
64,Kelang(10kTEU),"[[ 567.49829102]
 [ 599.51623535]
 [ 682.97631836]
 [ 788.20855713]
 [ 858.43463135]
 [ 787.88848877]
 [ 954.48852539]
 [1032.71911621]
 [1075.08959961]
 [1112.44384766]
 [1176.05285645]
 [1276.80273438]]","[[ 554.4]
 [ 632.6]
 [ 731.2]
 [ 797. ]
 [ 730.9]
 [ 887. ]
 [ 960.3]
 [1000. ]
 [1035. ]
 [1094.6]
 [1189. ]
 [1320. ]]",4.804622906538059,53.86759421908763,"[[1416.61413574]
 [1473.17944336]
 [1322.69506836]
 [1457.17041016]]","[[1373.]
 [1232.]
 [1358.]
 [1324.]]",8.852693310763728,140.57961540974654
64,Kaohsiung(10kTEU),"[[ 976.57086182]
 [ 952.19885254]
 [ 982.68890381]
 [ 925.01867676]
 [ 972.85998535]
 [ 862.93548584]
 [ 923.11309814]
 [ 968.7477417 ]
 [ 983.29077148]
 [ 999.03717041]
 [1064.7310791 ]
 [1031.33251953]]","[[ 947.1]
 [ 977.5]
 [ 920. ]
 [ 967.7]
 [ 858.1]
 [ 918.1]
 [ 963.6]
 [ 978.1]
 [ 993.8]
 [1059.3]
 [1026. ]
 [1046. ]]",4.4490286574433995,50.5446910968449,"[[1051.3918457 ]
 [1032.33532715]
 [1050.38879395]
 [1047.37988281]]","[[1027.]
 [1045.]
 [1042.]
 [ 962.]]",3.3168256779156193,45.042902682263126
64,Dalian(10kTEU),"[[ 281.06900024]
 [ 325.53018188]
 [ 380.79086304]
 [ 521.65130615]
 [ 507.95913696]
 [ 512.78594971]
 [ 580.75354004]
 [ 694.82092285]
 [ 858.33721924]
 [1040.76586914]
 [1050.53552246]
 [ 995.25732422]]","[[ 265.1]
 [ 321.2]
 [ 464.2]
 [ 450.3]
 [ 455.2]
 [ 524.2]
 [ 640. ]
 [ 806. ]
 [ 991.2]
 [1001.1]
 [ 945. ]
 [ 961. ]]",9.175289152922737,72.25175903468963,"[[1011.01800537]
 [1019.88330078]
 [1026.77856445]
 [1070.22021484]]","[[ 970.]
 [ 977.]
 [1021.]
 [ 654.]]",18.206537421816574,210.23446036641718
64,Hanburg(10kTEU),"[[715.52770996]
 [819.32342529]
 [893.36749268]
 [941.00830078]
 [977.07366943]
 [715.91040039]
 [801.33856201]
 [907.90856934]
 [893.4631958 ]
 [935.45965576]
 [976.40405273]
 [889.34954834]]","[[808.8]
 [886.2]
 [936. ]
 [973.7]
 [700.7]
 [790. ]
 [901.4]
 [886.3]
 [930.2]
 [973. ]
 [882. ]
 [891. ]]",9.003893383841595,100.03461449726122,"[[897.95935059]
 [893.17614746]
 [880.73980713]
 [935.26831055]]","[[886.]
 [873.]
 [930.]
 [870.]]",4.114960357804738,42.53416848882651
64,Antwerp(10kTEU),"[[636.86663818]
 [678.61889648]
 [732.12945557]
 [865.25848389]
 [896.04962158]
 [761.02740479]
 [876.51867676]
 [896.04962158]
 [892.96051025]
 [887.47979736]
 [927.33886719]
 [994.30194092]]","[[ 648.2]
 [ 701.9]
 [ 835.5]
 [ 866.4]
 [ 730.9]
 [ 846.8]
 [ 866.4]
 [ 863.3]
 [ 857.8]
 [ 897.8]
 [ 965. ]
 [1004. ]]",5.447688777469695,64.56177252357588,"[[1033.16442871]
 [1074.01989746]
 [1138.79064941]
 [1138.79064941]]","[[1045.]
 [1110.]
 [1110.]
 [1204.]]",3.0959631128506886,40.36028191174802
64,Xiamen(10kTEU),"[[326.09835815]
 [375.40856934]
 [446.4362793 ]
 [510.224823  ]
 [552.92547607]
 [515.78540039]
 [635.38885498]
 [701.48565674]
 [780.27709961]
 [864.94384766]
 [924.1161499 ]
 [987.90478516]]","[[334.2]
 [401.9]
 [462.7]
 [503.4]
 [468. ]
 [582. ]
 [645. ]
 [720.1]
 [800.8]
 [857.2]
 [918. ]
 [961. ]]",4.534763247945823,34.58868825413584,"[[1033.01843262]
 [1113.80322266]
 [1073.9354248 ]
 [1191.4407959 ]]","[[1038.]
 [1000.]
 [1112.]
 [1141.]]",4.9260171815715115,65.13289352586169
64,Tanjung(10kTEU),"[[443.75234985]
 [459.68838501]
 [518.84277344]
 [587.78540039]
 [597.22955322]
 [636.51733398]
 [685.06060791]
 [778.5581665 ]
 [795.55767822]
 [788.75787354]
 [875.83331299]
 [927.77648926]]","[[417.7]
 [477. ]
 [550. ]
 [560. ]
 [601.6]
 [653. ]
 [752. ]
 [770. ]
 [762.8]
 [855. ]
 [910. ]
 [828. ]]",5.133622741652984,44.86081884634185,"[[850.33398438]
 [859.77819824]
 [914.55456543]
 [927.77648926]]","[[838.]
 [896.]
 [910.]
 [985.]]",2.956110704883408,34.494276123219215
64,Los Angeles(10kTEU),"[[742.49511719]
 [758.98565674]
 [858.02935791]
 [720.57476807]
 [795.68713379]
 [736.4619751 ]
 [793.77661133]
 [804.73687744]
 [818.61291504]
 [797.59759521]
 [844.95751953]
 [826.8583374 ]]","[[748.5]
 [847. ]
 [710.3]
 [785. ]
 [726.1]
 [783.1]
 [794. ]
 [807.8]
 [786.9]
 [834. ]
 [816. ]
 [886. ]]",6.230340574114558,62.8829483778784,"[[897.24450684]
 [954.5592041 ]
 [957.57574463]
 [941.48748779]]","[[943.]
 [946.]
 [930.]
 [920.]]",2.764407235603793,29.107382882313583
64,Long Beach(10kTEU),"[[584.87994385]
 [674.79949951]
 [730.87854004]
 [733.00561523]
 [653.33483887]
 [515.94158936]
 [631.58013916]
 [615.82006836]
 [610.50219727]
 [676.73327637]
 [685.53198242]
 [721.2097168 ]]","[[671. ]
 [729. ]
 [731.2]
 [648.8]
 [506.7]
 [626.3]
 [610. ]
 [604.5]
 [673. ]
 [682.1]
 [719. ]
 [680. ]]",8.837555300490935,69.8049511436802,"[[683.50146484]
 [755.05047607]
 [808.2286377 ]
 [763.75231934]]","[[754.]
 [809.]
 [763.]
 [811.]]",6.943049620718135,55.13294746996239
100,Ningbo(10kTEU),"[[ 544.51293945]
 [ 684.63574219]
 [ 866.71734619]
 [1089.19384766]
 [1235.04162598]
 [1193.51013184]
 [1445.42932129]
 [1592.44702148]
 [1705.44030762]
 [1812.97375488]
 [2000.74304199]
 [2188.90258789]]","[[ 520.8]
 [ 706.8]
 [ 935. ]
 [1084.6]
 [1042. ]
 [1300.4]
 [1451.2]
 [1567.1]
 [1677.4]
 [1870. ]
 [2063. ]
 [2160. ]]",4.437794438541695,72.94576036722621,"[[2283.46972656]
 [2578.15039062]
 [2749.2421875 ]
 [2861.83300781]]","[[2461.]
 [2635.]
 [2749.]
 [2872.]]",2.4335099312404993,93.34385686510046
100,Shanghai(10kTEU),"[[1555.23852539]
 [1923.27893066]
 [2301.32885742]
 [2764.24682617]
 [2955.04394531]
 [2644.55566406]
 [3068.58374023]
 [3346.96020508]
 [3429.32592773]
 [3542.76196289]
 [3716.66870117]
 [3847.51586914]]","[[1808.4]
 [2171. ]
 [2615. ]
 [2798. ]
 [2500.2]
 [2906.9]
 [3173.9]
 [3252.9]
 [3361.7]
 [3528.5]
 [3654. ]
 [3713. ]]",6.64931515187422,213.5864929464595,"[[3909.0300293 ]
 [4232.23876953]
 [4417.82324219]
 [4552.31982422]]","[[4023.]
 [4201.]
 [4330.]
 [4350.]]",2.563960941582557,125.11119862359234
100,Singapore(10kTEU),"[[2185.65039062]
 [2374.92749023]
 [2537.48413086]
 [2856.90820312]
 [3058.27539062]
 [2646.70214844]
 [2907.19921875]
 [3060.30712891]
 [3234.14086914]
 [3328.62670898]
 [3459.68798828]
 [3160.07617188]]","[[2319.2]
 [2479.2]
 [2793.6]
 [2991.8]
 [2586.7]
 [2843.1]
 [2993.8]
 [3164.9]
 [3257.9]
 [3386.9]
 [3092. ]
 [3090. ]]",5.965528948858523,211.3369383671969,"[[3158.04443359]
 [3439.4699707 ]
 [3737.15185547]
 [3798.11108398]]","[[3367.]
 [3660.]
 [3720.]
 [3660.]]",4.116498858291583,167.08140248034584
100,Shenzhen(10kTEU),"[[1416.57983398]
 [1676.65270996]
 [1909.10144043]
 [2178.17749023]
 [2210.40527344]
 [1886.69543457]
 [2322.43505859]
 [2328.67602539]
 [2366.53100586]
 [2401.11181641]
 [2478.76513672]
 [2495.44140625]]","[[1619.7]
 [1846.9]
 [2109.9]
 [2141.4]
 [1825. ]
 [2250.9]
 [2257. ]
 [2294. ]
 [2327.8]
 [2403.7]
 [2420. ]
 [2397. ]]",6.917417951734587,185.5693473457378,"[[2471.91015625]
 [2598.77514648]
 [2857.61987305]
 [2656.06884766]]","[[2521.]
 [2774.]
 [2577.]
 [2655.]]",4.798395413437218,167.22904774076196
100,Hong Kong(10kTEU),"[[2177.69848633]
 [2221.44677734]
 [2331.26171875]
 [2376.59033203]
 [2425.57250977]
 [2084.47387695]
 [2347.0625    ]
 [2414.70947266]
 [2289.58740234]
 [2215.52148438]
 [2201.59692383]
 [1988.68212891]]","[[2242.7]
 [2353.9]
 [2399.8]
 [2449.4]
 [2104. ]
 [2369.9]
 [2438.4]
 [2311.7]
 [2236.7]
 [2222.6]
 [2007. ]
 [1981. ]]",5.220838207142106,151.75978782652177,"[[1963.0057373 ]
 [2056.82275391]
 [1942.26721191]
 [1813.88623047]]","[[2076.]
 [1960.]
 [1830.]
 [2007.]]",6.534912935750041,134.20059978402975
100,Busan(10kTEU),"[[1202.78991699]
 [1239.3560791 ]
 [1258.83691406]
 [1388.01513672]
 [1406.97509766]
 [1253.62805176]
 [1484.27380371]
 [1691.58398438]
 [1781.38354492]
 [1848.05627441]
 [1951.39929199]
 [2031.82312012]]","[[1184.3]
 [1203. ]
 [1327. ]
 [1345.2]
 [1198. ]
 [1419.4]
 [1618.4]
 [1704.6]
 [1768.6]
 [1867.8]
 [1945. ]
 [1985. ]]",4.628697897966382,91.39646073984927,"[[2073.4934082 ]
 [2140.16625977]
 [2262.05224609]
 [2296.43041992]]","[[2049.]
 [2166.]
 [2199.]
 [2159.]]",2.905214473974097,77.66919472556637
100,Guangzhou(10kTEU),"[[ 499.33837891]
 [ 656.15454102]
 [ 861.58294678]
 [1164.25830078]
 [1226.97363281]
 [1243.14318848]
 [1363.77392578]
 [1525.28063965]
 [1570.89990234]
 [1624.35754395]
 [1746.29089355]
 [1804.84899902]]","[[ 468.5]
 [ 660. ]
 [1025.7]
 [1100.1]
 [1119. ]
 [1255. ]
 [1426. ]
 [1474.3]
 [1530.9]
 [1660. ]
 [1722. ]
 [1885. ]]",4.819641664829505,70.811424753951,"[[1958.8001709 ]
 [2102.36230469]
 [2244.03515625]
 [2372.48486328]]","[[2037.]
 [2187.]
 [2323.]
 [2319.]]",3.353661123345699,74.79109219686707
100,Qingdao(10kTEU),"[[ 581.9130249 ]
 [ 703.77770996]
 [ 849.45135498]
 [1033.24060059]
 [1122.83776855]
 [1116.57226562]
 [1299.52575684]
 [1404.78686523]
 [1559.65002441]
 [1665.85070801]
 [1776.54211426]
 [1869.48071289]]","[[ 630.7]
 [ 770.2]
 [ 946.2]
 [1032. ]
 [1026. ]
 [1201.2]
 [1302. ]
 [1450.3]
 [1552. ]
 [1658. ]
 [1747. ]
 [1801. ]]",4.414688201756551,58.0613211457342,"[[1925.87060547]
 [1956.15393066]
 [1951.97705078]
 [2239.1472168 ]]","[[1830.]
 [1826.]
 [2101.]
 [2200.]]",5.309754934713591,111.6597092028342
100,Dubai(10kTEU),"[[ 694.36364746]
 [ 919.64093018]
 [ 950.91229248]
 [1143.06665039]
 [1249.63623047]
 [1174.85229492]
 [1226.28552246]
 [1370.29821777]
 [1398.07226562]
 [1436.23571777]
 [1601.64465332]
 [1637.75073242]]","[[ 861.9]
 [ 892.3]
 [1079.1]
 [1182.7]
 [1110. ]
 [1160. ]
 [1300. ]
 [1327. ]
 [1364.1]
 [1524.9]
 [1560. ]
 [1573. ]]",6.3013803660516485,86.0177686606612,"[[1651.12329102]
 [1614.09143066]
 [1570.88769531]
 [1484.47998047]]","[[1537.]
 [1495.]
 [1411.]
 [1350.]]",9.171011517985859,133.09379650181714
100,Tianjin(10kTEU),"[[ 485.29785156]
 [ 580.2791748 ]
 [ 691.07470703]
 [ 905.72302246]
 [ 936.96551514]
 [ 956.25109863]
 [1089.3215332 ]
 [1233.9630127 ]
 [1303.39086914]
 [1371.8548584 ]
 [1473.20019531]
 [1477.9251709 ]]","[[ 480.1]
 [ 595. ]
 [ 817.6]
 [ 850. ]
 [ 870. ]
 [1008. ]
 [1158. ]
 [1230. ]
 [1301. ]
 [1406.1]
 [1411. ]
 [1449. ]]",4.474606842611097,55.629853658439096,"[[1514.56762695]
 [1570.49597168]
 [1660.17370605]
 [1785.52978516]]","[[1507.]
 [1600.]
 [1730.]
 [1835.]]",2.2695733183930664,45.41687502363916
100,Rotterdam(10kTEU),"[[ 856.32305908]
 [ 958.42193604]
 [ 994.37939453]
 [1019.19512939]
 [1110.35473633]
 [1003.29290771]
 [1145.29919434]
 [1219.34143066]
 [1218.22717285]
 [1193.51257324]
 [1262.08520508]
 [1255.19750977]]","[[ 930. ]
 [ 965.5]
 [ 990. ]
 [1080. ]
 [ 974.3]
 [1114.5]
 [1187.6]
 [1186.5]
 [1162.1]
 [1229.8]
 [1223. ]
 [1238. ]]",4.780468362062673,64.05145903178497,"[[1270.39099121]
 [1407.13037109]
 [1486.13562012]
 [1517.53503418]]","[[1373.]
 [1451.]
 [1482.]
 [1435.]]",4.131844309872908,69.43033963232836
100,Kelang(10kTEU),"[[ 566.87280273]
 [ 598.94122314]
 [ 682.53289795]
 [ 787.93121338]
 [ 858.26800537]
 [ 787.61053467]
 [ 954.47338867]
 [1032.82727051]
 [1075.26452637]
 [1112.67785645]
 [1176.38696289]
 [1277.29589844]]","[[ 554.4]
 [ 632.6]
 [ 731.2]
 [ 797. ]
 [ 730.9]
 [ 887. ]
 [ 960.3]
 [1000. ]
 [1035. ]
 [1094.6]
 [1189. ]
 [1320. ]]",4.8102283260111545,53.915394719126965,"[[1417.328125  ]
 [1473.98217773]
 [1323.26049805]
 [1457.94799805]]","[[1373.]
 [1232.]
 [1358.]
 [1324.]]",8.886256411264425,141.12871446290004
100,Kaohsiung(10kTEU),"[[ 976.56665039]
 [ 952.22521973]
 [ 982.67700195]
 [ 925.07922363]
 [ 972.86035156]
 [ 863.07373047]
 [ 923.17584229]
 [ 968.75335693]
 [ 983.27801514]
 [ 999.00482178]
 [1064.61621094]
 [1031.25964355]]","[[ 947.1]
 [ 977.5]
 [ 920. ]
 [ 967.7]
 [ 858.1]
 [ 918.1]
 [ 963.6]
 [ 978.1]
 [ 993.8]
 [1059.3]
 [1026. ]
 [1046. ]]",4.446304963812021,50.51901175596899,"[[1051.29370117]
 [1032.26135254]
 [1050.29187012]
 [1047.28686523]]","[[1027.]
 [1045.]
 [1042.]
 [ 962.]]",3.311463573563747,44.98627998431622
100,Dalian(10kTEU),"[[ 295.06634521]
 [ 345.15557861]
 [ 407.31375122]
 [ 538.32366943]
 [ 525.58911133]
 [ 530.07836914]
 [ 593.29290771]
 [ 699.38342285]
 [ 851.46472168]
 [1021.13641357]
 [1030.20617676]
 [ 978.80999756]]","[[ 265.1]
 [ 321.2]
 [ 464.2]
 [ 450.3]
 [ 455.2]
 [ 524.2]
 [ 640. ]
 [ 806. ]
 [ 991.2]
 [1001.1]
 [ 945. ]
 [ 961. ]]",9.553651719605648,69.82035694657124,"[[ 993.46844482]
 [1001.71386719]
 [1008.12695312]
 [1048.43774414]]","[[ 970.]
 [ 977.]
 [1021.]
 [ 654.]]",16.630350760586598,198.05831999213004
100,Hanburg(10kTEU),"[[729.90258789]
 [825.16223145]
 [893.11712646]
 [936.83996582]
 [969.93945312]
 [730.25372314]
 [808.65655518]
 [906.46228027]
 [893.20489502]
 [931.74768066]
 [969.32476807]
 [889.42956543]]","[[808.8]
 [886.2]
 [936. ]
 [973.7]
 [700.7]
 [790. ]
 [901.4]
 [886.3]
 [930.2]
 [973. ]
 [882. ]
 [891. ]]",8.487853559620097,95.26885274342482,"[[897.33129883]
 [892.94158936]
 [881.52783203]
 [931.57214355]]","[[886.]
 [873.]
 [930.]
 [870.]]",3.9631266334522497,40.82506965292335
100,Antwerp(10kTEU),"[[632.53656006]
 [675.1373291 ]
 [729.73547363]
 [865.56976318]
 [896.9866333 ]
 [759.22052002]
 [877.05877686]
 [896.9866333 ]
 [893.8347168 ]
 [888.24273682]
 [928.91174316]
 [997.23571777]]","[[ 648.2]
 [ 701.9]
 [ 835.5]
 [ 866.4]
 [ 730.9]
 [ 846.8]
 [ 866.4]
 [ 863.3]
 [ 857.8]
 [ 897.8]
 [ 965. ]
 [1004. ]]",5.571757802159056,65.4406232059421,"[[1036.88793945]
 [1078.57373047]
 [1144.6607666 ]
 [1144.6607666 ]]","[[1045.]
 [1110.]
 [1110.]
 [1204.]]",2.914642133220122,37.99976744892385
100,Xiamen(10kTEU),"[[336.97131348]
 [388.56271362]
 [457.43426514]
 [518.8651123 ]
 [559.98736572]
 [524.22003174]
 [639.40270996]
 [703.05621338]
 [778.9354248 ]
 [860.47259521]
 [917.45776367]
 [978.8883667 ]]","[[334.2]
 [401.9]
 [462.7]
 [503.4]
 [468. ]
 [582. ]
 [645. ]
 [720.1]
 [800.8]
 [857.2]
 [918. ]
 [961. ]]",3.850708542709617,33.39603115507872,"[[1022.33459473]
 [1100.13342285]
 [1061.73913574]
 [1174.90100098]]","[[1038.]
 [1000.]
 [1112.]
 [1141.]]",4.753390292021971,59.049851052957806
100,Tanjung(10kTEU),"[[453.01980591]
 [468.6217041 ]
 [527.55108643]
 [595.03900146]
 [604.08416748]
 [641.71160889]
 [688.20324707]
 [777.74938965]
 [794.03057861]
 [787.51806641]
 [870.91363525]
 [920.66137695]]","[[417.7]
 [477. ]
 [550. ]
 [560. ]
 [601.6]
 [653. ]
 [752. ]
 [770. ]
 [762.8]
 [855. ]
 [910. ]
 [828. ]]",4.97129101724529,43.737934100111865,"[[846.49182129]
 [855.5369873 ]
 [907.99841309]
 [920.66137695]]","[[838.]
 [896.]
 [910.]
 [985.]]",3.0702748941842093,38.25189926960757
100,Los Angeles(10kTEU),"[[742.47393799]
 [758.97106934]
 [858.05450439]
 [720.54486084]
 [795.68731689]
 [736.43841553]
 [793.77606201]
 [804.74060059]
 [818.62237549]
 [797.59863281]
 [844.97753906]
 [826.87109375]]","[[748.5]
 [847. ]
 [710.3]
 [785. ]
 [726.1]
 [783.1]
 [794. ]
 [807.8]
 [786.9]
 [834. ]
 [816. ]
 [886. ]]",6.231726852031304,62.89387010771327,"[[897.28552246]
 [954.62316895]
 [957.64099121]
 [941.54614258]]","[[943.]
 [946.]
 [930.]
 [920.]]",2.7683580881016945,29.122298820872928
100,Long Beach(10kTEU),"[[588.80181885]
 [673.7855835 ]
 [726.78625488]
 [728.79656982]
 [653.49908447]
 [523.64764404]
 [632.93859863]
 [618.0435791 ]
 [613.0177002 ]
 [675.61322021]
 [683.92883301]
 [717.64825439]]","[[671. ]
 [729. ]
 [731.2]
 [648.8]
 [506.7]
 [626.3]
 [610. ]
 [604.5]
 [673. ]
 [682.1]
 [719. ]
 [680. ]]",8.699864646883173,67.88993712059947,"[[682.00982666]
 [749.63134766]
 [799.89056396]
 [757.85559082]]","[[754.]
 [809.]
 [763.]
 [811.]]",7.068543978824423,56.77249306511931
128,Ningbo(10kTEU),"[[ 536.86102295]
 [ 657.99688721]
 [ 845.28900146]
 [1075.07446289]
 [1225.71386719]
 [1182.81787109]
 [1443.01306152]
 [1594.86071777]
 [1711.56604004]
 [1822.63220215]
 [2016.57043457]
 [2210.91113281]]","[[ 520.8]
 [ 706.8]
 [ 935. ]
 [1084.6]
 [1042. ]
 [1300.4]
 [1451.2]
 [1567.1]
 [1677.4]
 [1870. ]
 [2063. ]
 [2160. ]]",4.887307945673564,74.91728738826033,"[[2308.5847168 ]
 [2612.0390625 ]
 [2787.62475586]
 [2902.8293457 ]]","[[2461.]
 [2635.]
 [2749.]
 [2872.]]",2.38577529082012,80.93198305745204
128,Shanghai(10kTEU),"[[1570.22570801]
 [1936.14526367]
 [2312.01586914]
 [2772.26611328]
 [2961.96386719]
 [2653.2644043 ]
 [3074.84912109]
 [3351.62109375]
 [3433.51196289]
 [3546.29418945]
 [3719.19848633]
 [3849.29223633]]","[[1808.4]
 [2171. ]
 [2615. ]
 [2798. ]
 [2500.2]
 [2906.9]
 [3173.9]
 [3252.9]
 [3361.7]
 [3528.5]
 [3654. ]
 [3713. ]]",6.494988569050193,210.1109191050898,"[[3910.45141602]
 [4231.79736328]
 [4416.31201172]
 [4550.03320312]]","[[4023.]
 [4201.]
 [4330.]
 [4350.]]",2.5306344212451006,123.57053356418587
128,Singapore(10kTEU),"[[2188.88598633]
 [2377.36181641]
 [2539.22998047]
 [2857.30175781]
 [3057.81591797]
 [2647.98535156]
 [2907.37988281]
 [3059.83959961]
 [3232.93701172]
 [3327.02294922]
 [3457.5300293 ]
 [3159.18579102]]","[[2319.2]
 [2479.2]
 [2793.6]
 [2991.8]
 [2586.7]
 [2843.1]
 [2993.8]
 [3164.9]
 [3257.9]
 [3386.9]
 [3092. ]
 [3090. ]]",5.933711081182311,210.41229137865517,"[[3157.1628418 ]
 [3437.39746094]
 [3733.8190918 ]
 [3794.51904297]]","[[3367.]
 [3660.]
 [3720.]
 [3660.]]",4.090267766790524,167.23476281798742
128,Shenzhen(10kTEU),"[[1461.34680176]
 [1702.67285156]
 [1918.36682129]
 [2168.04736328]
 [2197.95214844]
 [1897.5760498 ]
 [2301.90649414]
 [2307.69775391]
 [2342.82397461]
 [2374.91235352]
 [2446.96826172]
 [2462.44287109]]","[[1619.7]
 [1846.9]
 [2109.9]
 [2141.4]
 [1825. ]
 [2250.9]
 [2257. ]
 [2294. ]
 [2327.8]
 [2403.7]
 [2420. ]
 [2397. ]]",6.0262684438165515,172.1123885868966,"[[2440.60766602]
 [2558.32788086]
 [2798.51489258]
 [2611.49194336]]","[[2521.]
 [2774.]
 [2577.]
 [2655.]]",5.299560442001162,161.19800631878587
128,Hong Kong(10kTEU),"[[2177.63525391]
 [2221.41503906]
 [2331.30908203]
 [2376.67016602]
 [2425.68798828]
 [2084.34350586]
 [2347.12158203]
 [2414.81738281]
 [2289.60473633]
 [2215.48535156]
 [2201.55102539]
 [1988.48303223]]","[[2242.7]
 [2353.9]
 [2399.8]
 [2449.4]
 [2104. ]
 [2369.9]
 [2438.4]
 [2311.7]
 [2236.7]
 [2222.6]
 [2007. ]
 [1981. ]]",5.221024286674658,151.7982665222545,"[[1962.78820801]
 [2056.67260742]
 [1942.03503418]
 [1813.5612793 ]]","[[2076.]
 [1960.]
 [1830.]
 [2007.]]",6.536493270125253,134.28783491322997
128,Busan(10kTEU),"[[1202.66394043]
 [1239.24157715]
 [1258.7286377 ]
 [1387.94799805]
 [1406.9140625 ]
 [1253.51806641]
 [1484.23742676]
 [1691.61364746]
 [1781.4420166 ]
 [1848.13574219]
 [1951.51159668]
 [2031.9609375 ]]","[[1184.3]
 [1203. ]
 [1327. ]
 [1345.2]
 [1198. ]
 [1419.4]
 [1618.4]
 [1704.6]
 [1768.6]
 [1867.8]
 [1945. ]
 [1985. ]]",4.628526497478314,91.40957747617009,"[[2073.64453125]
 [2140.33886719]
 [2262.26342773]
 [2296.65258789]]","[[2049.]
 [2166.]
 [2199.]
 [2159.]]",2.9100395625286586,77.808005531953
128,Guangzhou(10kTEU),"[[ 539.8470459 ]
 [ 662.73248291]
 [ 832.6427002 ]
 [1157.11328125]
 [1223.12561035]
 [1239.95214844]
 [1365.92578125]
 [1526.70349121]
 [1573.54504395]
 [1628.52600098]
 [1753.93261719]
 [1814.15905762]]","[[ 468.5]
 [ 660. ]
 [1025.7]
 [1100.1]
 [1119. ]
 [1255. ]
 [1426. ]
 [1474.3]
 [1530.9]
 [1660. ]
 [1722. ]
 [1885. ]]",5.684423769832994,77.40072374288032,"[[1973.22302246]
 [2122.02709961]
 [2268.99169922]
 [2402.23925781]]","[[2037.]
 [2187.]
 [2323.]
 [2319.]]",3.0040448383379132,67.33247961356015
128,Qingdao(10kTEU),"[[ 592.3223877 ]
 [ 712.58337402]
 [ 856.33990479]
 [1037.71032715]
 [1126.12841797]
 [1119.9453125 ]
 [1300.49145508]
 [1404.36730957]
 [1557.19226074]
 [1661.99536133]
 [1771.23010254]
 [1862.94567871]]","[[ 630.7]
 [ 770.2]
 [ 946.2]
 [1032. ]
 [1026. ]
 [1201.2]
 [1302. ]
 [1450.3]
 [1552. ]
 [1658. ]
 [1747. ]
 [1801. ]]",4.068706132443692,54.85386708534662,"[[1918.59350586]
 [1948.47839355]
 [1944.35620117]
 [2227.74731445]]","[[1830.]
 [1826.]
 [2101.]
 [2200.]]",5.066391117210831,109.72346984448988
128,Dubai(10kTEU),"[[ 700.46716309]
 [ 923.4954834 ]
 [ 954.45471191]
 [1144.6907959 ]
 [1250.19641113]
 [1176.15917969]
 [1227.07910156]
 [1369.65405273]
 [1397.15100098]
 [1434.93322754]
 [1598.69104004]
 [1634.43664551]]","[[ 861.9]
 [ 892.3]
 [1079.1]
 [1182.7]
 [1110. ]
 [1160. ]
 [1300. ]
 [1327. ]
 [1364.1]
 [1524.9]
 [1560. ]
 [1573. ]]",6.212183068490243,84.42239616282981,"[[1647.67614746]
 [1611.01367188]
 [1568.24121094]
 [1482.69604492]]","[[1537.]
 [1495.]
 [1411.]
 [1350.]]",8.983548561255125,130.42375208691377
128,Tianjin(10kTEU),"[[ 480.80413818]
 [ 576.4274292 ]
 [ 687.97180176]
 [ 904.07080078]
 [ 935.52453613]
 [ 954.94049072]
 [1088.91027832]
 [1234.52954102]
 [1304.42675781]
 [1373.35327148]
 [1475.38378906]
 [1480.140625  ]]","[[ 480.1]
 [ 595. ]
 [ 817.6]
 [ 850. ]
 [ 870. ]
 [1008. ]
 [1158. ]
 [1230. ]
 [1301. ]
 [1406.1]
 [1411. ]
 [1449. ]]",4.493203825687044,56.40208472369875,"[[1517.03088379]
 [1573.33703613]
 [1663.62097168]
 [1789.85620117]]","[[1507.]
 [1600.]
 [1730.]
 [1835.]]",2.1572862954592367,42.59011107392094
128,Rotterdam(10kTEU),"[[ 855.25921631]
 [ 957.77105713]
 [ 993.8739624 ]
 [1018.78997803]
 [1110.31848145]
 [1002.82330322]
 [1145.40454102]
 [1219.74584961]
 [1218.62719727]
 [1193.81274414]
 [1262.66259766]
 [1255.74707031]]","[[ 930. ]
 [ 965.5]
 [ 990. ]
 [1080. ]
 [ 974.3]
 [1114.5]
 [1187.6]
 [1186.5]
 [1162.1]
 [1229.8]
 [1223. ]
 [1238. ]]",4.8082609853497,64.31986319996743,"[[1271.00183105]
 [1408.29455566]
 [1487.6192627 ]
 [1519.14562988]]","[[1373.]
 [1451.]
 [1482.]
 [1435.]]",4.15375050587699,69.5331658019045
128,Kelang(10kTEU),"[[ 566.49182129]
 [ 598.59106445]
 [ 682.26287842]
 [ 787.7623291 ]
 [ 858.16662598]
 [ 787.44134521]
 [ 954.46417236]
 [1032.89318848]
 [1075.37121582]
 [1112.8203125 ]
 [1176.59082031]
 [1277.59631348]]","[[ 554.4]
 [ 632.6]
 [ 731.2]
 [ 797. ]
 [ 730.9]
 [ 887. ]
 [ 960.3]
 [1000. ]
 [1035. ]
 [1094.6]
 [1189. ]
 [1320. ]]",4.813638740020416,53.945659432765716,"[[1417.76281738]
 [1474.47131348]
 [1323.60510254]
 [1458.42175293]]","[[1373.]
 [1232.]
 [1358.]
 [1324.]]",8.906698617937947,141.46400983212553
128,Kaohsiung(10kTEU),"[[ 976.56225586]
 [ 952.25543213]
 [ 982.66387939]
 [ 925.14813232]
 [ 972.86120605]
 [ 863.23132324]
 [ 923.24780273]
 [ 968.76000977]
 [ 983.26409912]
 [ 998.96826172]
 [1064.4864502 ]
 [1031.17712402]]","[[ 947.1]
 [ 977.5]
 [ 920. ]
 [ 967.7]
 [ 858.1]
 [ 918.1]
 [ 963.6]
 [ 978.1]
 [ 993.8]
 [1059.3]
 [1026. ]
 [1046. ]]",4.443203117254542,50.48995415677029,"[[1051.18261719]
 [1032.17749023]
 [1050.18237305]
 [1047.18151855]]","[[1027.]
 [1045.]
 [1042.]
 [ 962.]]",3.3054009709994636,44.9223164548744
128,Dalian(10kTEU),"[[ 304.45681763]
 [ 346.78207397]
 [ 399.43063354]
 [ 533.6328125 ]
 [ 520.58795166]
 [ 525.1864624 ]
 [ 589.94140625]
 [ 698.61700439]
 [ 854.40411377]
 [1028.20996094]
 [1037.50085449]
 [ 984.85229492]]","[[ 265.1]
 [ 321.2]
 [ 464.2]
 [ 450.3]
 [ 455.2]
 [ 524.2]
 [ 640. ]
 [ 806. ]
 [ 991.2]
 [1001.1]
 [ 945. ]
 [ 961. ]]",9.978876215390592,70.84593759405386,"[[ 999.86798096]
 [1008.31420898]
 [1014.88360596]
 [1056.17651367]]","[[ 970.]
 [ 977.]
 [1021.]
 [ 654.]]",17.09456283011558,202.27211522854518
128,Hanburg(10kTEU),"[[715.80493164]
 [819.90228271]
 [894.16162109]
 [941.94085693]
 [978.11108398]
 [716.18859863]
 [801.8651123 ]
 [908.74481201]
 [894.25756836]
 [936.3762207 ]
 [977.4395752 ]
 [890.13208008]]","[[808.8]
 [886.2]
 [936. ]
 [973.7]
 [700.7]
 [790. ]
 [901.4]
 [886.3]
 [930.2]
 [973. ]
 [882. ]
 [891. ]]",8.980438921996754,100.15038047806587,"[[898.7668457 ]
 [893.96972656]
 [881.49725342]
 [936.18426514]]","[[886.]
 [873.]
 [930.]
 [870.]]",4.166429916468579,42.824044528166795
128,Antwerp(10kTEU),"[[631.80865479]
 [674.55212402]
 [729.33325195]
 [865.62286377]
 [897.14477539]
 [758.91699219]
 [877.15026855]
 [897.14477539]
 [893.9822998 ]
 [888.37176514]
 [929.17694092]
 [997.72967529]]","[[ 648.2]
 [ 701.9]
 [ 835.5]
 [ 866.4]
 [ 730.9]
 [ 846.8]
 [ 866.4]
 [ 863.3]
 [ 857.8]
 [ 897.8]
 [ 965. ]
 [1004. ]]",5.592607388952646,65.59408593626017,"[[1037.51489258]
 [1079.34020996]
 [1145.64868164]
 [1145.64868164]]","[[1045.]
 [1110.]
 [1110.]
 [1204.]]",2.884117355696339,37.65552554190478
128,Xiamen(10kTEU),"[[335.28186035]
 [383.42498779]
 [452.77166748]
 [515.05053711]
 [556.74053955]
 [520.47943115]
 [637.25231934]
 [701.78466797]
 [778.71124268]
 [861.37420654]
 [919.14599609]
 [981.42480469]]","[[334.2]
 [401.9]
 [462.7]
 [503.4]
 [468. ]
 [582. ]
 [645. ]
 [720.1]
 [800.8]
 [857.2]
 [918. ]
 [961. ]]",4.012756252664058,33.610226801248984,"[[1025.4708252 ]
 [1104.34362793]
 [1065.41918945]
 [1180.14355469]]","[[1038.]
 [1000.]
 [1112.]
 [1141.]]",4.815242504731621,60.71771301603973
128,Tanjung(10kTEU),"[[437.59735107]
 [453.04751587]
 [511.40353394]
 [583.24157715]
 [593.08239746]
 [634.0201416 ]
 [684.60198975]
 [782.02606201]
 [799.73962402]
 [792.6541748 ]
 [883.38659668]
 [937.5111084 ]]","[[417.7]
 [477. ]
 [550. ]
 [560. ]
 [601.6]
 [653. ]
 [752. ]
 [770. ]
 [762.8]
 [855. ]
 [910. ]
 [828. ]]",5.340387211336193,46.611765815775094,"[[856.81634521]
 [866.65722656]
 [923.73388672]
 [937.5111084 ]]","[[838.]
 [896.]
 [910.]
 [985.]]",2.962668988485255,30.244287353965873
128,Los Angeles(10kTEU),"[[742.51391602]
 [758.99859619]
 [858.00665283]
 [720.60150146]
 [795.68688965]
 [736.48297119]
 [793.77703857]
 [804.73327637]
 [818.60437012]
 [797.59667969]
 [844.93963623]
 [826.84674072]]","[[748.5]
 [847. ]
 [710.3]
 [785. ]
 [726.1]
 [783.1]
 [794. ]
 [807.8]
 [786.9]
 [834. ]
 [816. ]
 [886. ]]",6.229105331773179,62.873165123846114,"[[897.20782471]
 [954.50183105]
 [957.51733398]
 [941.43475342]]","[[943.]
 [946.]
 [930.]
 [920.]]",2.760860341499014,29.094057696723866
128,Long Beach(10kTEU),"[[592.4263916 ]
 [671.49084473]
 [720.79980469]
 [722.67022705]
 [652.61730957]
 [531.8104248 ]
 [633.48895264]
 [619.63140869]
 [614.95550537]
 [673.19122314]
 [680.92749023]
 [712.29833984]]","[[671. ]
 [729. ]
 [731.2]
 [648.8]
 [506.7]
 [626.3]
 [610. ]
 [604.5]
 [673. ]
 [682.1]
 [719. ]
 [680. ]]",8.55173302661144,65.82055737646012,"[[679.14221191]
 [742.05358887]
 [788.81219482]
 [749.70507812]]","[[754.]
 [809.]
 [763.]
 [811.]]",7.286056243597542,60.226338195984624
256,Ningbo(10kTEU),"[[ 558.24346924]
 [ 676.5057373 ]
 [ 859.35479736]
 [1083.68933105]
 [1230.75512695]
 [1188.87670898]
 [1442.89953613]
 [1591.14489746]
 [1705.08166504]
 [1813.51330566]
 [2002.85070801]
 [2192.58129883]]","[[ 520.8]
 [ 706.8]
 [ 935. ]
 [1084.6]
 [1042. ]
 [1300.4]
 [1451.2]
 [1567.1]
 [1677.4]
 [1870. ]
 [2063. ]
 [2160. ]]",4.7951790105246115,73.81975712386559,"[[2287.93823242]
 [2583.83935547]
 [2754.8918457 ]
 [2866.96044922]]","[[2461.]
 [2635.]
 [2749.]
 [2872.]]",2.3408879321995606,90.31597016029905
256,Shanghai(10kTEU),"[[1568.17504883]
 [1933.1192627 ]
 [2307.98852539]
 [2767.01245117]
 [2956.2043457 ]
 [2648.32739258]
 [3068.7890625 ]
 [3344.82324219]
 [3426.49658203]
 [3538.97827148]
 [3711.42211914]
 [3841.16894531]]","[[1808.4]
 [2171. ]
 [2615. ]
 [2798. ]
 [2500.2]
 [2906.9]
 [3173.9]
 [3252.9]
 [3361.7]
 [3528.5]
 [3654. ]
 [3713. ]]",6.467352194823989,209.73047462580286,"[[3902.1652832 ]
 [4222.78369141]
 [4407.00244141]
 [4540.50976562]]","[[4023.]
 [4201.]
 [4330.]
 [4350.]]",2.4200038281588765,119.68594818908265
256,Singapore(10kTEU),"[[2186.88745117]
 [2375.8605957 ]
 [2538.15649414]
 [2857.06884766]
 [3058.11303711]
 [2647.19946289]
 [2907.27929688]
 [3060.14208984]
 [3233.69702148]
 [3328.03173828]
 [3458.88256836]
 [3159.75097656]]","[[2319.2]
 [2479.2]
 [2793.6]
 [2991.8]
 [2586.7]
 [2843.1]
 [2993.8]
 [3164.9]
 [3257.9]
 [3386.9]
 [3092. ]
 [3090. ]]",5.95327682676133,210.9850131063058,"[[3157.72216797]
 [3438.69702148]
 [3735.90234375]
 [3796.76293945]]","[[3367.]
 [3660.]
 [3720.]
 [3660.]]",4.106565497045446,167.1295944949529
256,Shenzhen(10kTEU),"[[1419.61853027]
 [1678.67895508]
 [1910.2232666 ]
 [2178.25170898]
 [2210.35400391]
 [1887.90466309]
 [2321.94775391]
 [2328.16430664]
 [2365.87182617]
 [2400.31787109]
 [2477.66918945]
 [2494.28100586]]","[[1619.7]
 [1846.9]
 [2109.9]
 [2141.4]
 [1825. ]
 [2250.9]
 [2257. ]
 [2294. ]
 [2327.8]
 [2403.7]
 [2420. ]
 [2397. ]]",6.872714864148318,184.720222360988,"[[2470.84106445]
 [2597.21191406]
 [2855.04931641]
 [2654.28295898]]","[[2521.]
 [2774.]
 [2577.]
 [2655.]]",4.7948353556868835,166.64474387633823
256,Hong Kong(10kTEU),"[[2177.73193359]
 [2221.46362305]
 [2331.23608398]
 [2376.546875  ]
 [2425.51025391]
 [2084.54418945]
 [2347.03076172]
 [2414.65136719]
 [2289.57788086]
 [2215.54052734]
 [2201.62158203]
 [1988.78918457]]","[[2242.7]
 [2353.9]
 [2399.8]
 [2449.4]
 [2104. ]
 [2369.9]
 [2438.4]
 [2311.7]
 [2236.7]
 [2222.6]
 [2007. ]
 [1981. ]]",5.220742194627145,151.73910551537597,"[[1963.12304688]
 [2056.90356445]
 [1942.39282227]
 [1814.06140137]]","[[2076.]
 [1960.]
 [1830.]
 [2007.]]",6.534064984193813,134.1537892585691
256,Busan(10kTEU),"[[1203.19799805]
 [1239.72644043]
 [1259.18737793]
 [1388.23278809]
 [1407.17358398]
 [1253.98388672]
 [1484.39257812]
 [1691.4901123 ]
 [1781.19775391]
 [1847.80175781]
 [1951.03833008]
 [2031.37963867]]","[[1184.3]
 [1203. ]
 [1327. ]
 [1345.2]
 [1198. ]
 [1419.4]
 [1618.4]
 [1704.6]
 [1768.6]
 [1867.8]
 [1945. ]
 [1985. ]]",4.629273054378044,91.35482142438052,"[[2073.00708008]
 [2139.61157227]
 [2261.37207031]
 [2295.71508789]]","[[2049.]
 [2166.]
 [2199.]
 [2159.]]",2.8896670331283225,77.22366771945406
256,Guangzhou(10kTEU),"[[ 536.88549805]
 [ 659.86181641]
 [ 829.89752197]
 [1154.93688965]
 [1222.65222168]
 [1239.98754883]
 [1366.27636719]
 [1526.74621582]
 [1572.84338379]
 [1626.92321777]
 [1750.2746582 ]
 [1809.51391602]]","[[ 468.5]
 [ 660. ]
 [1025.7]
 [1100.1]
 [1119. ]
 [1255. ]
 [1426. ]
 [1474.3]
 [1530.9]
 [1660. ]
 [1722. ]
 [1885. ]]",5.606299016012417,77.81382217792026,"[[1965.25585938]
 [2110.48779297]
 [2254.10009766]
 [2384.53027344]]","[[2037.]
 [2187.]
 [2323.]
 [2319.]]",3.203084122112661,70.7862147924729
256,Qingdao(10kTEU),"[[ 644.87030029]
 [ 756.76983643]
 [ 890.53149414]
 [1059.29187012]
 [1141.56237793]
 [1135.80932617]
 [1303.80236816]
 [1400.45617676]
 [1542.65600586]
 [1640.17236328]
 [1741.81201172]
 [1827.15100098]]","[[ 630.7]
 [ 770.2]
 [ 946.2]
 [1032. ]
 [1026. ]
 [1201.2]
 [1302. ]
 [1450.3]
 [1552. ]
 [1658. ]
 [1747. ]
 [1801. ]]",3.018926311903391,46.060810365164386,"[[1878.92980957]
 [1906.73693848]
 [1902.90136719]
 [2169.06689453]]","[[1830.]
 [1826.]
 [2101.]
 [2200.]]",4.482526938314908,110.80670651553294
256,Dubai(10kTEU),"[[ 741.76422119]
 [ 946.60290527]
 [ 975.03717041]
 [1149.75830078]
 [1246.65917969]
 [1178.66015625]
 [1225.42700195]
 [1356.37414551]
 [1381.62805176]
 [1416.32922363]
 [1566.73144531]
 [1599.56176758]]","[[ 861.9]
 [ 892.3]
 [1079.1]
 [1182.7]
 [1110. ]
 [1160. ]
 [1300. ]
 [1327. ]
 [1364.1]
 [1524.9]
 [1560. ]
 [1573. ]]",5.404011744328843,75.04955592760184,"[[1611.72106934]
 [1578.0489502 ]
 [1538.76489258]
 [1460.1965332 ]]","[[1537.]
 [1495.]
 [1411.]
 [1350.]]",6.908556445128028,101.17745553819873
256,Tianjin(10kTEU),"[[ 517.36999512]
 [ 607.83630371]
 [ 713.3651123 ]
 [ 917.80981445]
 [ 947.56726074]
 [ 965.93615723]
 [1092.68078613]
 [1230.44689941]
 [1296.57458496]
 [1361.78381348]
 [1458.31188965]
 [1462.81225586]]","[[ 480.1]
 [ 595. ]
 [ 817.6]
 [ 850. ]
 [ 870. ]
 [1008. ]
 [1158. ]
 [1230. ]
 [1301. ]
 [1406.1]
 [1411. ]
 [1449. ]]",4.767567217421187,52.82238651487622,"[[1497.71289062]
 [1550.98254395]
 [1636.39746094]
 [1755.79455566]]","[[1507.]
 [1600.]
 [1730.]
 [1835.]]",3.3516950264019783,66.18893247744778
256,Rotterdam(10kTEU),"[[ 855.98132324]
 [ 958.21350098]
 [ 994.21783447]
 [1019.06585693]
 [1110.34460449]
 [1003.14282227]
 [1145.33459473]
 [1219.4732666 ]
 [1218.35754395]
 [1193.61096191]
 [1262.27282715]
 [1255.3762207 ]]","[[ 930. ]
 [ 965.5]
 [ 990. ]
 [1080. ]
 [ 974.3]
 [1114.5]
 [1187.6]
 [1186.5]
 [1162.1]
 [1229.8]
 [1223. ]
 [1238. ]]",4.789429741859613,64.1376251119923,"[[1270.58947754]
 [1407.50744629]
 [1486.61560059]
 [1518.05566406]]","[[1373.]
 [1451.]
 [1482.]
 [1435.]]",4.138900438298601,69.46053635096105
256,Kelang(10kTEU),"[[ 568.1574707 ]
 [ 600.12231445]
 [ 683.44390869]
 [ 788.50164795]
 [ 858.61114502]
 [ 788.18200684]
 [ 954.50561523]
 [1032.60632324]
 [1074.90637207]
 [1112.19873047]
 [1175.70214844]
 [1276.28479004]]","[[ 554.4]
 [ 632.6]
 [ 731.2]
 [ 797. ]
 [ 730.9]
 [ 887. ]
 [ 960.3]
 [1000. ]
 [1035. ]
 [1094.6]
 [1189. ]
 [1320. ]]",4.798706853265691,53.819838452527925,"[[1415.86450195]
 [1472.33569336]
 [1322.10095215]
 [1456.35339355]]","[[1373.]
 [1232.]
 [1358.]
 [1324.]]",8.817432488843814,140.00426194612055
256,Kaohsiung(10kTEU),"[[ 976.55877686]
 [ 952.28240967]
 [ 982.65283203]
 [ 925.20874023]
 [ 972.86236572]
 [ 863.36901855]
 [ 923.31060791]
 [ 968.76629639]
 [ 983.25219727]
 [ 998.93688965]
 [1064.37329102]
 [1031.10571289]]","[[ 947.1]
 [ 977.5]
 [ 920. ]
 [ 967.7]
 [ 858.1]
 [ 918.1]
 [ 963.6]
 [ 978.1]
 [ 993.8]
 [1059.3]
 [1026. ]
 [1046. ]]",4.440481685416702,50.46465384638245,"[[1051.08618164]
 [1032.10461426]
 [1050.0871582 ]
 [1047.09008789]]","[[1027.]
 [1045.]
 [1042.]
 [ 962.]]",3.300136427412913,44.866915161680254
256,Dalian(10kTEU),"[[ 291.36581421]
 [ 344.32400513]
 [ 410.19876099]
 [ 541.79260254]
 [ 529.059021  ]
 [ 533.54785156]
 [ 596.75756836]
 [ 702.84002686]
 [ 854.90966797]
 [1024.56835938]
 [1033.63757324]
 [ 982.24530029]]","[[ 265.1]
 [ 321.2]
 [ 464.2]
 [ 450.3]
 [ 455.2]
 [ 524.2]
 [ 640. ]
 [ 806. ]
 [ 991.2]
 [1001.1]
 [ 945. ]
 [ 961. ]]",9.525638585724732,69.52210001144145,"[[ 996.90258789]
 [1005.1473999 ]
 [1011.55999756]
 [1051.86755371]]","[[ 970.]
 [ 977.]
 [1021.]
 [ 654.]]",16.85376677432701,199.9398217580072
256,Hanburg(10kTEU),"[[806.88275146]
 [853.57147217]
 [886.87780762]
 [908.30737305]
 [924.53009033]
 [807.05487061]
 [845.48181152]
 [893.41851807]
 [886.92077637]
 [905.81152344]
 [924.22894287]
 [885.07049561]]","[[808.8]
 [886.2]
 [936. ]
 [973.7]
 [700.7]
 [790. ]
 [901.4]
 [886.3]
 [930.2]
 [973. ]
 [882. ]
 [891. ]]",6.166957224532965,76.12030083227685,"[[888.94335938]
 [886.79156494]
 [881.1975708 ]
 [905.72540283]]","[[886.]
 [873.]
 [930.]
 [870.]]",2.8164846441865174,31.051779865247223
256,Antwerp(10kTEU),"[[636.91186523]
 [678.66705322]
 [732.18145752]
 [865.31970215]
 [896.112854  ]
 [761.08123779]
 [876.58050537]
 [896.112854  ]
 [893.02368164]
 [887.54260254]
 [927.40429688]
 [994.37213135]]","[[ 648.2]
 [ 701.9]
 [ 835.5]
 [ 866.4]
 [ 730.9]
 [ 846.8]
 [ 866.4]
 [ 863.3]
 [ 857.8]
 [ 897.8]
 [ 965. ]
 [1004. ]]",5.445707467130143,64.5616334503564,"[[1033.23730469]
 [1074.09570312]
 [1138.87109375]
 [1138.87109375]]","[[1045.]
 [1110.]
 [1110.]
 [1204.]]",3.0926537872144415,40.31995169499036
256,Xiamen(10kTEU),"[[341.39685059]
 [388.70489502]
 [456.84851074]
 [518.04705811]
 [559.01373291]
 [523.3817749 ]
 [638.12890625]
 [701.54174805]
 [777.13397217]
 [858.362854  ]
 [915.13256836]
 [976.33105469]]","[[334.2]
 [401.9]
 [462.7]
 [503.4]
 [468. ]
 [582. ]
 [645. ]
 [720.1]
 [800.8]
 [857.2]
 [918. ]
 [961. ]]",3.98093667423908,33.404833399056365,"[[1019.61279297]
 [1097.11730957]
 [1058.8684082 ]
 [1171.60229492]]","[[1038.]
 [1000.]
 [1112.]
 [1141.]]",4.735804545575951,58.157819125937685
256,Tanjung(10kTEU),"[[443.96386719]
 [459.06503296]
 [516.10302734]
 [586.31854248]
 [595.93707275]
 [635.95031738]
 [685.38970947]
 [780.61352539]
 [797.92681885]
 [791.00146484]
 [879.68457031]
 [932.58673096]]","[[417.7]
 [477. ]
 [550. ]
 [560. ]
 [601.6]
 [653. ]
 [752. ]
 [770. ]
 [762.8]
 [855. ]
 [910. ]
 [828. ]]",5.229311472846459,45.56367140018985,"[[853.71447754]
 [863.33306885]
 [919.12072754]
 [932.58673096]]","[[838.]
 [896.]
 [910.]
 [985.]]",2.961130162956777,32.18855245988124
256,Los Angeles(10kTEU),"[[742.95336914]
 [759.29901123]
 [857.472229  ]
 [721.22564697]
 [795.67785645]
 [736.9732666 ]
 [793.78411865]
 [804.64801025]
 [818.40222168]
 [797.57159424]
 [844.51538086]
 [826.57501221]]","[[748.5]
 [847. ]
 [710.3]
 [785. ]
 [726.1]
 [783.1]
 [794. ]
 [807.8]
 [786.9]
 [834. ]
 [816. ]
 [886. ]]",6.200178520125437,62.64428130429199,"[[896.34277344]
 [953.15374756]
 [956.14385986]
 [940.19683838]]","[[943.]
 [946.]
 [930.]
 [920.]]",2.6776076040364383,28.807492878117188
256,Long Beach(10kTEU),"[[612.03442383]
 [671.51617432]
 [708.61230469]
 [710.01947021]
 [657.31732178]
 [566.43170166]
 [642.92663574]
 [632.50128174]
 [628.98358154]
 [672.79534912]
 [678.61566162]
 [702.2164917 ]]","[[671. ]
 [729. ]
 [731.2]
 [648.8]
 [506.7]
 [626.3]
 [610. ]
 [604.5]
 [673. ]
 [682.1]
 [719. ]
 [680. ]]",7.941699847231844,60.08734732223823,"[[677.27246094]
 [724.62634277]
 [761.2052002 ]
 [730.44622803]]","[[754.]
 [809.]
 [763.]
 [811.]]",7.693329944719957,69.81790739082369
512,Ningbo(10kTEU),"[[ 561.00079346]
 [ 679.2520752 ]
 [ 862.08435059]
 [1086.39831543]
 [1233.45031738]
 [1191.57580566]
 [1445.57543945]
 [1593.80700684]
 [1707.7331543 ]
 [1816.15478516]
 [2005.47485352]
 [2195.18774414]]","[[ 520.8]
 [ 706.8]
 [ 935. ]
 [1084.6]
 [1042. ]
 [1300.4]
 [1451.2]
 [1567.1]
 [1677.4]
 [1870. ]
 [2063. ]
 [2160. ]]",4.793316834428878,73.7690507850498,"[[2290.53540039]
 [2586.40942383]
 [2757.44628906]
 [2869.53735352]]","[[2461.]
 [2635.]
 [2749.]
 [2872.]]",2.2909201132773873,88.73644718960416
512,Shanghai(10kTEU),"[[1746.32470703]
 [2068.46679688]
 [2399.36987305]
 [2804.55688477]
 [2971.56005859]
 [2699.79223633]
 [3070.94042969]
 [3314.59985352]
 [3386.6940918 ]
 [3485.98364258]
 [3638.20288086]
 [3752.73217773]]","[[1808.4]
 [2171. ]
 [2615. ]
 [2798. ]
 [2500.2]
 [2906.9]
 [3173.9]
 [3252.9]
 [3361.7]
 [3528.5]
 [3654. ]
 [3713. ]]",4.267070252451005,169.47166920933194,"[[3806.71020508]
 [4092.39355469]
 [4257.37158203]
 [4378.06542969]]","[[4023.]
 [4201.]
 [4330.]
 [4350.]]",2.5710240349889677,127.12119295277957
512,Singapore(10kTEU),"[[2195.55371094]
 [2382.41625977]
 [2542.8996582 ]
 [2858.24926758]
 [3057.04785156]
 [2650.72436523]
 [2907.89868164]
 [3059.05395508]
 [3230.6706543 ]
 [3323.95166016]
 [3453.34106445]
 [3157.55029297]]","[[2319.2]
 [2479.2]
 [2793.6]
 [2991.8]
 [2586.7]
 [2843.1]
 [2993.8]
 [3164.9]
 [3257.9]
 [3386.9]
 [3092. ]
 [3090. ]]",5.866952531041398,208.56537792328183,"[[3155.54443359]
 [3433.38134766]
 [3727.26586914]
 [3787.44775391]]","[[3367.]
 [3660.]
 [3720.]
 [3660.]]",4.037375297844635,167.60458897685513
512,Shenzhen(10kTEU),"[[1545.65136719]
 [1763.05297852]
 [1957.36352539]
 [2182.29150391]
 [2209.23120117]
 [1938.63391113]
 [2302.87988281]
 [2308.09692383]
 [2339.74072266]
 [2368.6484375 ]
 [2433.56030273]
 [2447.50097656]]","[[1619.7]
 [1846.9]
 [2109.9]
 [2141.4]
 [1825. ]
 [2250.9]
 [2257. ]
 [2294. ]
 [2327.8]
 [2403.7]
 [2420. ]
 [2397. ]]",5.038594898386781,155.18962880540934,"[[2427.83056641]
 [2533.93530273]
 [2753.15209961]
 [2582.01538086]]","[[2521.]
 [2774.]
 [2577.]
 [2655.]]",5.483582701789058,160.2091750316673
512,Hong Kong(10kTEU),"[[2177.85205078]
 [2221.52368164]
 [2331.14697266]
 [2376.39648438]
 [2425.29272461]
 [2084.79052734]
 [2346.92016602]
 [2414.44873047]
 [2289.54541016]
 [2215.60864258]
 [2201.70898438]
 [1989.16589355]]","[[2242.7]
 [2353.9]
 [2399.8]
 [2449.4]
 [2104. ]
 [2369.9]
 [2438.4]
 [2311.7]
 [2236.7]
 [2222.6]
 [2007. ]
 [1981. ]]",5.220395277471151,151.6667323521087,"[[1963.5345459 ]
 [2057.18774414]
 [1942.83251953]
 [1814.67541504]]","[[2076.]
 [1960.]
 [1830.]
 [2007.]]",6.531092685459057,133.99054017129438
512,Busan(10kTEU),"[[1204.60803223]
 [1241.0065918 ]
 [1260.39807129]
 [1388.98522949]
 [1407.85803223]
 [1255.21337891]
 [1484.80297852]
 [1691.16418457]
 [1780.5526123 ]
 [1846.92041016]
 [1949.78967285]
 [2029.84521484]]","[[1184.3]
 [1203. ]
 [1327. ]
 [1345.2]
 [1198. ]
 [1419.4]
 [1618.4]
 [1704.6]
 [1768.6]
 [1867.8]
 [1945. ]
 [1985. ]]",4.631244506295443,91.2181736360373,"[[2071.32446289]
 [2137.69213867]
 [2259.01977539]
 [2293.24047852]]","[[2049.]
 [2166.]
 [2199.]
 [2159.]]",2.835894066035359,75.70105046558518
512,Guangzhou(10kTEU),"[[ 544.41949463]
 [ 666.06958008]
 [ 834.27172852]
 [1156.01635742]
 [1222.7388916 ]
 [1240.15026855]
 [1367.7746582 ]
 [1529.28393555]
 [1574.90319824]
 [1628.36193848]
 [1750.29663086]
 [1808.85546875]]","[[ 468.5]
 [ 660. ]
 [1025.7]
 [1100.1]
 [1119. ]
 [1255. ]
 [1426. ]
 [1474.3]
 [1530.9]
 [1660. ]
 [1722. ]
 [1885. ]]",5.799998798002883,77.73012324593572,"[[1962.80895996]
 [2106.37280273]
 [2248.04760742]
 [2376.49926758]]","[[2037.]
 [2187.]
 [2323.]
 [2319.]]",3.258712250891555,72.33443558602286
512,Qingdao(10kTEU),"[[ 648.61560059]
 [ 760.3081665 ]
 [ 893.82250977]
 [1062.27075195]
 [1144.38916016]
 [1138.64660645]
 [1306.3293457 ]
 [1402.80407715]
 [1544.7409668 ]
 [1642.07714844]
 [1743.52880859]
 [1828.70996094]]","[[ 630.7]
 [ 770.2]
 [ 946.2]
 [1032. ]
 [1026. ]
 [1201.2]
 [1302. ]
 [1450.3]
 [1552. ]
 [1658. ]
 [1747. ]
 [1801. ]]",3.009412574025439,45.97842347289978,"[[1880.39318848]
 [1908.14868164]
 [1904.32043457]
 [2167.5390625 ]]","[[1830.]
 [1826.]
 [2101.]
 [2200.]]",4.522322919079591,110.70732051350166
512,Dubai(10kTEU),"[[ 808.10534668]
 [ 986.11883545]
 [1011.07415771]
 [1165.62011719]
 [1253.55371094]
 [1191.45043945]
 [1234.16235352]
 [1353.75561523]
 [1376.82006836]
 [1408.51245117]
 [1545.87402344]
 [1575.85766602]]","[[ 861.9]
 [ 892.3]
 [1079.1]
 [1182.7]
 [1110. ]
 [1160. ]
 [1300. ]
 [1327. ]
 [1364.1]
 [1524.9]
 [1560. ]
 [1573. ]]",4.7400494544966945,69.02771427928715,"[[1586.96264648]
 [1556.21020508]
 [1520.33203125]
 [1448.57617188]]","[[1537.]
 [1495.]
 [1411.]
 [1350.]]",5.598869062335196,83.53698278039683
512,Tianjin(10kTEU),"[[ 518.79907227]
 [ 609.05749512]
 [ 714.34362793]
 [ 918.3182373 ]
 [ 948.00732422]
 [ 966.33392334]
 [1092.78723145]
 [1230.23632812]
 [1296.21228027]
 [1361.27148438]
 [1457.57763672]
 [1462.06738281]]","[[ 480.1]
 [ 595. ]
 [ 817.6]
 [ 850. ]
 [ 870. ]
 [1008. ]
 [1158. ]
 [1230. ]
 [1301. ]
 [1406.1]
 [1411. ]
 [1449. ]]",4.799957843114927,52.8135144506077,"[[1496.88806152]
 [1550.03515625]
 [1635.61791992]
 [1755.44824219]]","[[1507.]
 [1600.]
 [1730.]
 [1835.]]",3.396164466285181,66.77423927243191
512,Rotterdam(10kTEU),"[[ 861.4977417 ]
 [ 961.56671143]
 [ 996.8092041 ]
 [1021.13140869]
 [1110.47875977]
 [1005.54534912]
 [1144.72839355]
 [1217.29821777]
 [1216.20617676]
 [1191.98303223]
 [1259.19213867]
 [1252.44140625]]","[[ 930. ]
 [ 965.5]
 [ 990. ]
 [1080. ]
 [ 974.3]
 [1114.5]
 [1187.6]
 [1186.5]
 [1162.1]
 [1229.8]
 [1223. ]
 [1238. ]]",4.643950556124723,62.781504974386266,"[[1267.33276367]
 [1401.39477539]
 [1478.8873291 ]
 [1509.68725586]]","[[1373.]
 [1451.]
 [1482.]
 [1435.]]",4.132373766836948,69.30749968382946
512,Kelang(10kTEU),"[[ 570.18652344]
 [ 601.98529053]
 [ 684.87390137]
 [ 789.38574219]
 [ 859.13104248]
 [ 789.06781006]
 [ 954.53186035]
 [1032.23461914]
 [1074.31921387]
 [1111.42163086]
 [1174.60144043]
 [1274.67163086]]","[[ 554.4]
 [ 632.6]
 [ 731.2]
 [ 797. ]
 [ 730.9]
 [ 887. ]
 [ 960.3]
 [1000. ]
 [1035. ]
 [1094.6]
 [1189. ]
 [1320. ]]",4.7806586607910155,53.68718243519116,"[[1413.53991699]
 [1469.72338867]
 [1320.25427246]
 [1453.8223877 ]]","[[1373.]
 [1232.]
 [1358.]
 [1324.]]",8.708301728248372,138.23393820417073
512,Kaohsiung(10kTEU),"[[ 976.54559326]
 [ 952.36437988]
 [ 982.61572266]
 [ 925.39691162]
 [ 972.86364746]
 [ 863.79949951]
 [ 923.50628662]
 [ 968.78369141]
 [ 983.21276855]
 [ 998.83587646]
 [1064.01586914]
 [1030.87866211]]","[[ 947.1]
 [ 977.5]
 [ 920. ]
 [ 967.7]
 [ 858.1]
 [ 918.1]
 [ 963.6]
 [ 978.1]
 [ 993.8]
 [1059.3]
 [1026. ]
 [1046. ]]",4.432006063260105,50.38561454107294,"[[1050.78076172]
 [1031.8737793 ]
 [1049.7857666 ]
 [1046.80041504]]","[[1027.]
 [1045.]
 [1042.]
 [ 962.]]",3.283465070111818,44.69214374541228
512,Dalian(10kTEU),"[[ 291.57214355]
 [ 343.52700806]
 [ 408.15380859]
 [ 539.55578613]
 [ 526.84814453]
 [ 531.32788086]
 [ 594.40893555]
 [ 700.2755127 ]
 [ 852.03582764]
 [1021.34924316]
 [1030.40002441]
 [ 979.11242676]]","[[ 265.1]
 [ 321.2]
 [ 464.2]
 [ 450.3]
 [ 455.2]
 [ 524.2]
 [ 640. ]
 [ 806. ]
 [ 991.2]
 [1001.1]
 [ 945. ]
 [ 961. ]]",9.429741337021573,69.60929006955656,"[[ 993.7399292 ]
 [1001.96777344]
 [1008.36737061]
 [1048.59313965]]","[[ 970.]
 [ 977.]
 [1021.]
 [ 654.]]",16.643898251198177,198.14786343274125
512,Hanburg(10kTEU),"[[783.98529053]
 [847.44732666]
 [892.71905518]
 [921.84716797]
 [943.89801025]
 [784.21917725]
 [836.45117188]
 [901.609375  ]
 [892.77740479]
 [918.45465088]
 [943.48858643]
 [890.26226807]]","[[808.8]
 [886.2]
 [936. ]
 [973.7]
 [700.7]
 [790. ]
 [901.4]
 [886.3]
 [930.2]
 [973. ]
 [882. ]
 [891. ]]",6.537158437643324,80.8640574591138,"[[895.52648926]
 [892.60192871]
 [884.99822998]
 [918.33770752]]","[[886.]
 [873.]
 [930.]
 [870.]]",3.4288838794079917,34.77313215653151
512,Antwerp(10kTEU),"[[652.33825684]
 [691.11114502]
 [740.80340576]
 [864.43237305]
 [893.02618408]
 [767.63909912]
 [874.88885498]
 [893.02618408]
 [890.1574707 ]
 [885.0680542 ]
 [922.08270264]
 [984.26739502]]","[[ 648.2]
 [ 701.9]
 [ 835.5]
 [ 866.4]
 [ 730.9]
 [ 846.8]
 [ 866.4]
 [ 863.3]
 [ 857.8]
 [ 897.8]
 [ 965. ]
 [1004. ]]",5.107738942366047,61.94908797819801,"[[1020.35662842]
 [1058.29663086]
 [1118.44543457]
 [1118.44543457]]","[[1045.]
 [1110.]
 [1110.]
 [1204.]]",3.72072235937186,51.65133873958619
512,Xiamen(10kTEU),"[[341.49630737]
 [388.79135132]
 [456.91644287]
 [518.09820557]
 [559.05377197]
 [523.43145752]
 [638.14727783]
 [701.54284668]
 [777.11431885]
 [858.32110596]
 [915.07513428]
 [976.25701904]]","[[334.2]
 [401.9]
 [462.7]
 [503.4]
 [468. ]
 [582. ]
 [645. ]
 [720.1]
 [800.8]
 [857.2]
 [918. ]
 [961. ]]",3.9806767395734672,33.40477846365033,"[[1019.5269165 ]
 [1097.09985352]
 [1058.78759766]
 [1171.77893066]]","[[1038.]
 [1000.]
 [1112.]
 [1141.]]",4.743123439642342,58.199095144653626
512,Tanjung(10kTEU),"[[456.27542114]
 [471.7013855 ]
 [529.96624756]
 [601.69189453]
 [611.51739502]
 [652.39129639]
 [702.89404297]
 [782.56481934]
 [795.35858154]
 [790.2411499 ]
 [855.77362061]
 [894.86578369]]","[[417.7]
 [477. ]
 [550. ]
 [560. ]
 [601.6]
 [653. ]
 [752. ]
 [770. ]
 [762.8]
 [855. ]
 [910. ]
 [828. ]]",4.76783462534898,39.779603056910545,"[[836.58300781]
 [843.69061279]
 [884.91497803]
 [894.86578369]]","[[838.]
 [896.]
 [910.]
 [985.]]",4.4786177692939875,53.599708799972916
512,Los Angeles(10kTEU),"[[744.1328125 ]
 [760.10174561]
 [856.01300049]
 [722.90570068]
 [795.64239502]
 [738.29052734]
 [793.79241943]
 [804.40594482]
 [817.84320068]
 [797.49249268]
 [843.35455322]
 [825.82763672]]","[[748.5]
 [847. ]
 [710.3]
 [785. ]
 [726.1]
 [783.1]
 [794. ]
 [807.8]
 [786.9]
 [834. ]
 [816. ]
 [886. ]]",6.1222251006999855,62.03038257701932,"[[893.99176025]
 [949.52130127]
 [952.44390869]
 [936.85668945]]","[[943.]
 [946.]
 [930.]
 [920.]]",2.453714780915053,28.29348044297786
512,Long Beach(10kTEU),"[[628.19451904]
 [666.27911377]
 [690.03070068]
 [690.9317627 ]
 [657.18786621]
 [598.99633789]
 [647.97393799]
 [641.2989502 ]
 [639.04656982]
 [667.0980835 ]
 [670.824646  ]
 [685.93560791]]","[[671. ]
 [729. ]
 [731.2]
 [648.8]
 [506.7]
 [626.3]
 [610. ]
 [604.5]
 [673. ]
 [682.1]
 [719. ]
 [680. ]]",7.358061748913138,57.124480333735235,"[[669.96472168]
 [700.29174805]
 [726.67419434]
 [704.15380859]]","[[754.]
 [809.]
 [763.]
 [811.]]",10.629541148131379,88.90315632788402
